-- phpMyAdmin SQL Dump
-- version 4.7.4
-- https://www.phpmyadmin.net/
--
-- Hôte : localhost
-- Généré le :  sam. 15 sep. 2018 à 02:24
-- Version du serveur :  10.1.26-MariaDB
-- Version de PHP :  7.1.9

SET SQL_MODE = "NO_AUTO_VALUE_ON_ZERO";
SET AUTOCOMMIT = 0;
START TRANSACTION;
SET time_zone = "+00:00";


/*!40101 SET @OLD_CHARACTER_SET_CLIENT=@@CHARACTER_SET_CLIENT */;
/*!40101 SET @OLD_CHARACTER_SET_RESULTS=@@CHARACTER_SET_RESULTS */;
/*!40101 SET @OLD_COLLATION_CONNECTION=@@COLLATION_CONNECTION */;
/*!40101 SET NAMES utf8mb4 */;

--
-- Base de données :  `bdd_site_fede`
--

-- --------------------------------------------------------

--
-- Structure de la table `anecdote`
--

CREATE TABLE `anecdote` (
  `id_anecdote` int(11) NOT NULL,
  `texte_anecdote` varchar(25) DEFAULT NULL,
  `titre_anecdote` varchar(25) DEFAULT NULL,
  `date_publication` date DEFAULT NULL,
  `id_utilisateur` int(11) NOT NULL
) ENGINE=InnoDB DEFAULT CHARSET=latin1;

--
-- Déchargement des données de la table `anecdote`
--

INSERT INTO `anecdote` (`id_anecdote`, `texte_anecdote`, `titre_anecdote`, `date_publication`, `id_utilisateur`) VALUES
(3, 'dfsfdfdsfd', 'testmodif', '2017-12-06', 1),
(4, 'safasdfas', '1ervrai', '2017-12-28', 1),
(5, 'dfawfawff', 'dsdvfasfdas', '2017-12-30', 2),
(6, 'ndifabfawfijawfjinawnfw\r\n', 'dsdasddasds', '2017-12-30', 2);

-- --------------------------------------------------------

--
-- Structure de la table `cercle`
--

CREATE TABLE `cercle` (
  `id_cercle` int(11) NOT NULL,
  `nom_cercle` varchar(25) DEFAULT NULL,
  `description_cercle` text,
  `logo_cercle` varchar(50) DEFAULT NULL
) ENGINE=InnoDB DEFAULT CHARSET=latin1;

--
-- Déchargement des données de la table `cercle`
--

INSERT INTO `cercle` (`id_cercle`, `nom_cercle`, `description_cercle`, `logo_cercle`) VALUES
(1, 'Fédérale', '<div class=\"center\">\r\n	<h1>La Fédérale des Étudiants</h1>\r\n</div>\r\n<div>\r\n	<h2>\r\n		Sa composition:\r\n	</h2>\r\n	<p>\r\n		Plus connue sous le nom de \'La Fédé\', elle est composée d\'un comité de cinq personnes : Président, Vice-Président, Trésorier, Secrétaire et un Délégué aux Relations Extérieures (D.R.E.).\r\n	</p>\r\n	<p>\r\n		Ses membres sont des étudiants de la FPMs ayant été élus par l\'ensemble des étudiants membres de la Fédération des Etudiants, c\'est-à-dire détenteur de la carte de membre. L\'ensemble de ces élections et de son fonctionnement est réglé par des statuts, révisés chaque année lors d\'une Assemblée Générale de l\'ensemble des étudiants.\r\n\r\n	</p>\r\n	<h2>\r\n		Ses rôles :\r\n	</h2>\r\n	<p>\r\n		elle est l\'organe central de la Fédération des Etudiants ;\r\n	</p>\r\n	<p>\r\n		elle a pour but de prendre la majeure partie des décisions concernant la vie estudiantine à la Faculté. Ses choix sont bien entendus soumis au vote lors des \'réunions fédé\', assemblées de l\'ensemble des responsables des cercles et des togés ;\r\n	</p>\r\n	<p>\r\n		elle gère l\'ensemble des cercles estudiantins, appelés \'cercles fédérés\'. Ces derniers sont gérés par des étudiants, pour des étudiants. Ils organisent une multitude d\'activités très diverses tout au long de l\'année : sportives, culturelles, festives...\r\n	</p>\r\n	<p>\r\n		elle contrôle les budgets de tous les cercles et s\'occupe également de répartir les subsides octroyés par la Faculté entre les divers cercles\r\n	</p>\r\n	<p>\r\n		elle est également responsable d\'une série de commissions. La Commission Web, responsable de la gestion du site internet au quotidien ; la Commission \'Polytech Mons Day\', qui s\'occupe de l\'organisation du grand bal ; la Commission \'JDE\', correspondant aux Journées des Entreprises, qui s\'occupe d\'organiser complètement ces journées, contacter les entreprises, prendre contact avec les étudiants et les autorités académiques...\r\n	</p>\r\n	<h2>\r\n		Contacts :\r\n	</h2>\r\n	<p>\r\n		Pour toute information supplémentaire ou toute demande particulière, n\'hésitez pas à envoyer un mail à <a href=\"\">fede.polytech@umons.ac.be</a>.\r\n	</p>\r\n	<p>\r\n		Le Président de la Fédé est le responsable global de la gestion de la vie estudiantine à la Faculté Polytechnique de Mons. Heureusement, il est aidé dans sa tâche par une équipe de quatre autres membres. Ensemble, ils travaillent à améliorer les conditions de vie et d\'amusement des étudiants au jour le jour.\r\n	</p>\r\n	<p>\r\n		Les statuts de la Fédération imposent que tout candidat à la présidence de la Fédé ait été président d\'un cercle ou d\'une régionale, ce qui garantit qu\'il ait déjà participé à plusieurs réunions fédé et affirme sa volonté d\'œuvrer pour le bien des étudiants.\r\n	</p>\r\n	<h2>\r\n		Les rôles du Président:\r\n	</h2>\r\n	<p>\r\n		Il est le garant du bon déroulement de toutes les activités auprès des autorités académiques de la FPMs.\r\n	</p>\r\n	<p>\r\n		Il est le lien entre l\'ensemble des cercles, de leurs membres et les autorités académiques.\r\n		Il est le principal coordinateur des différents cercles fédérés.\r\n	</p>\r\n	<p>\r\n		Il préside les \'réunions fédé\', regroupant l\'ensemble des présidents de cercles, tous les togés et, s\'il le souhaite, il peut inviter un représentant du Bureau Etudiant Polytech (BEP). Ces réunions ont pour but de discuter des activités de chaque cercle, de l\'organisation qui y est liée, de l\'organisation des activités d\'accueil, de la gestion des portes ouvertes, des élections des cercles et commissions... <br>\r\n		Il est le représentant de la Fédération tant au niveau estudiantin, académique voire médiatique.\r\n	</p>\r\n	<p>\r\n		La fonction du Vice-Président de la Fédérale des Etudiants de la F.P.Ms est double :\r\n		représenter l’UMons à la FEF (Fédération des Etudiants Francophones). De nombreux décrets modifient régulièrement l\'organisation générale des études de l\'enseignement supérieur. Le rôle des représentants FEF de l’UMons est d\'une part de confier les interrogations et inquiétudes des étudiants de la Faculté au niveau de la FEF qui pourra, si nécessaire, les transmettre au cabinet du Ministre chargé de l\'enseignement supérieur et d\'autre part de discuter de tous les problèmes généraux sur les études en Communauté Française de Belgique.\r\n		être responsable du cercle social. Son rôle est d\'essayer de trouver des jobs d\'étudiants tant à la Faculté qu\'à l\'extérieur et ce pour les personnes qui ont des difficultés pour financer leurs études.\r\n		Dans le cadre des activités d\'accueil, il organise la \"Journée Bonne Action\" qui consiste en une récolte de vivres au profit des plus démunis.\r\n	</p>\r\n	<p>\r\n		Présent lors des réunions du Conseil Social de la FPMs, il donne son avis sur l\'aide financière et matérielle apportée par la Faculté à ses étudiants. <br>\r\n		Le rôle principal du Trésorier Fédé est la gestion financière de la Fédé.\r\n	</p>\r\n	<p>\r\n		Plus particulièrement, il est chargé de répartir les subsides entre les cercles, en fonction de leur besoin. En effet, les cercles organisent des activités à prix étudiants, engendrant généralement des pertes, qui sont prises en charge par les subsides Fédé. Il faut savoir également que ces subsides sont donnés par notre généreuse Faculté. Celle-ci nous octroie, en effet, un budget chaque année, dans le but de l\'organisation d\'activités à moindre coûts, destinés aux étudiants.\r\n	</p>\r\n	<p>\r\n		Enfin, le Trésorier vérifie la comptabilité de chaque cercle, afin de contrôler la bonne gestion financière de celui-ci. La Faculté contrôle ensuite, à son tour, la comptabilité de la Fédération afin de vérifier que les subsides ont été utilisés correctement.\r\n	</p>\r\n	<p>\r\n		Le Secrétaire Fédé est responsable de la réception et de l\'envoi du courrier destiné à la Fédérale. Il est ainsi le lien entre tout organisme, dont les autorités académiques de la Faculté principalement, ayant un rapport quelconque avec la Fédérale.\r\n	</p>\r\n	<p>\r\n		En outre, il rédige les rapports des réunions fédé (réunions entre tous les responsables des cercles étudiants de Polytech) se déroulant une fois par mois.\r\n	</p>\r\n	<p>\r\n		Comme pour les quatre autres postes de la Fédérale, le Délégué aux Relations Extérieures de la Fédé est élu pour une année. Durant cette période, il est le représentant de la F.P.M.s à l\'I.F.M.M.S. (International Federation of Mining, Metallurgy, Petroleum and Geology Students). \r\n		Le travail principal du D.R.E. est d\'organiser l\'I.S.W. (International Student Week) en Belgique. Le D.R.E doit également se rendre au Congrès annuel de l\'I.F.M.M.S. dans une des universités membres pour discuter de sujets à propos de la Fédération et mettre en place le calendrier des différentes I.S.W.. Le D.R.E choisira ensuite les étudiants belges qui partiront pour nous représenter dans les autres pays.\r\n	</p>\r\n</div>\r\n\r\n<div>\r\n	<div class=\"divImg center \">\r\n	<img class=\" imgArticle2\" src=\"../resources/img/comiteFede.jpg\" alt=\"comité du fédé 180\" />\r\n	</div>\r\n</div>\r\n', '../resources/img/Fede.PNG'),
(2, 'cercle des Fêtes', '<div class=\"center\">\r\n	<h1>Les Fêtes</h1>\r\n</div>\r\n<div>\r\n	<p>\r\n		Le Cercle des Fêtes est composé de trois étudiants élus en toute démocratie par les baptisés. Ils forment, avec les cinq membres de la Fédérale, les huit Togés.\r\n	</p>\r\n	<p>\r\n		Comme leur nom l\'indique, ils sont chargés de l\'organisation des différentes activités, tant récréatives que folkloriques de notre bonne vieille Faculté. Ces festivités sont étroitement coordonnées avec l\'ensemble des cercles fédérés, des régionales et de la Fédérale.\r\n	</p>\r\n	<p>\r\n		Les Fêtes organisent l\'ensemble des activités de la Bleusaille, chaque cercle apportant, bien sûr, une pierre à l\'édifice !\r\n	</p>\r\n	<p>\r\n		Cette Bleusaille, entre autres, a pour but de familiariser l\'étudiant sortant de rhéto avec le côté folklorique de la vie estudiantine. Il ouvre la porte à toutes les activités que les Fêtes organisent, du cortège et de la guindaille de Saint Nicolas en passant par les diverses guindailles à thème, jusqu\'à l\'internationalement connue soirée \'Crasino\'.\r\n	</p>\r\n	<p>\r\n		Les quatre Régionales (Carolo, Frontalière, Centrale, Boraine) sont sous l\'égide des Fêtes. Selon la région d\'où il vient, le bleu sera orienté, dès le premier jour de Bleusaille, vers une de ces quatre régionales.\r\n	</p>\r\n\r\n</div>\r\n<div>\r\n	<div class=\"divImg center \">\r\n	<img class=\" imgArticle2\" src=\"../resources/img/fetes176.jpg\" alt=\"comité des fêtes 176\" />\r\n	</div>\r\n	<div class=\"comiteList\">\r\n		<div class=\"comiteMembre\">\r\n			<p>\r\n				Secrétaire <br>\r\n				Terry Weber <br>\r\n				0474/01-26-56 <br>\r\n			</p>\r\n		</div>\r\n		<div class=\"comiteMembre\">\r\n			<p>\r\n				Président <br>\r\n				Basil Burléon  <br>\r\n				0492/78 55 55 <br>\r\n			</p>\r\n		</div>\r\n		<div class=\"comiteMembre\">\r\n			<p>\r\n				Trésorière <br>\r\n				Marie-Aude Rousseau  <br>\r\n				0474/32 06 65 <br>\r\n			</p>\r\n		</div>\r\n		', '../resources/img/Fete.PNG'),
(3, 'Carolo', '<p>\r\nSi tu habites Charleroi ou ses environs (de Lobbes à Namur, en passant par Chimay ou Arlon...), alors ces quelques lignes te concernent !<br>\r\n<br>\r\nUn comité composé de 5 personnes motivées ainsi que de tous les gais lurons du pays noir sont là pour te faire vivre une tonne d\'expériences uniques, le tout dans une ambiance folklorique, joyeuse et conviviale.\r\n<br>\r\nEn voici un bref aperçu :\r\n</p>\r\n<ul>\r\n	<li>Un souper destiné à accueillir les nouveaux baptisés Carolos, dont nous l\'espérons, tu feras bientôt partie</li>\r\n	<li>Un petit déjeuner suivi d\'une dégustation où tu pourras goûter les spécialités de notre belle région</li>\r\n	<li>Une excursion afin de supporter nos valeureux Zèbres ou nos brillants Spirous</li>\r\n	<li>Un voyage d’une journée au Pays Noir afin de découvrir son folklore unique avec notamment l’illustre distillerie de Biercée ou les ruines de l’Abbaye D’Aulne.</li>\r\n	<li>Une soirée regroupant tous les étudiants Carolos des différentes Universités telles Mons, Namur, Louvain,…</li>\r\n</ul>\r\n<p>Si ces quelques lignes te mettent l\'eau à la bouche, si tu es prêt à perpétuer avec nous le folklore du pays de Charleroi, alors n\'hésite plus et viens rejoindre cette grande famille que sera toujours la Carolo lors des activités de début d’année.</p>', '../resources/img/Carolo.PNG'),
(4, 'Frontalière', '<p>\r\nBonjour à toi ex-rhétoricienne et ex-rhétoricien !\r\n<br>\r\nVoilà enfin venu le moment que tu attends avec impatience : ton entrée dans la vie estudiantine. Les études que tu as choisies sont difficiles et longues. Mais pas d’inquiétude, il est possible de s’amuser durant ces cinq années et tu ne seras pas seul à affronter les difficultés liées à tes études.\r\n<br>\r\nEn effet, afin de faire connaissance avec d’autres étudiants de même année, ou bien, plus âgés, il t’est proposé de participer aux activités de début d’année. Ce faisant, tu seras orienté vers le cercle de la Frontalière si tu viens de la région d’Ath, Tournai, Mouscron ainsi que de Flandres ou de pays étrangers.\r\n<br>\r\nPendant cette période, tu découvriras le folklore de notre si belle régionale. Cela te permettra également de nouer des liens forts avec les autres étudiants frontaliers. Tu pourras toujours leur solliciter de l’aide ou leur demander conseil.\r\n<br>\r\nLa Frontaliere FPMs - Photo du Crossage\r\nDurant l’année, plusieurs activités incontournables te seront proposées. Notre traditionnel souper réunit tout le monde autour d’un bon moules-frites dans la bonne humeur. Plus tard, lors de notre soirée dégustation, tu auras l’occasion de découvrir de nombreuses bières qui sont brassées dans le pays frontalier. En voici quelques unes pour te mettre l’eau à la bouche : la Bush 10 et 12, la Rodenbach, la Troll et pour les demoiselles, la Pêche Mel’Bush et la Frambush. Une séance de golf grandeur nature est également organisée le lendemain du Carnaval de Binche. Il s’agit du crossage à l’tonne qui se déroule dans les rues du village de Chièvres. À l’aide de ta crosse, envoies ta cholette le plus loin possible afin d’atteindre un tonneau en bois. Mais attention, tes adversaires frapperont en sens inverse pour t’éloigner du but.\r\n<br>\r\nLa Frontaliere FPMs - Photo du souper\r\nAlors si toi aussi, tu as envie de t’amuser, de découvrir le folklore frontalier et de faire connaissance avec des étudiants venant de tout horizon, rejoins nous au plus vite !\r\n<br>\r\n</p>\r\n<p>Le Comité :</p>\r\n<ul>\r\n	<li>Président: Loïc Fourneau </li>\r\n	<li>V-P : Joris Solbreux</li>\r\n	<li>Trésorier : Thomas Beuscart</li>\r\n	<li>Secrétaire : Julien Surmont</li>\r\n	<li>DRI-R : Bastien Frédéric</li>\r\n</ul>', '../resources/img/Fronta.PNG'),
(5, 'Centrale', '<p>\r\nLa Centrale est la plus jeune et la plus petite de nos quatre régionales, mais elle est sans conteste celle qui sait le plus se faire remarquer. En effet, forte d\'un folklore unique, chacune de ses activités se passe au son des éternels tambours et trompettes. Nous avons la chance d\'avoir notre propre orchestre de rondeaux constitué entièrement d\'étudiants ou d\'anciens.\r\n<br>\r\nRegroupant les jeunes originaires de la région de La Louvière et de Binche, mais aussi du Brabant et d\'une partie du Hainaut occidental, nous sommes, avant toute chose, un groupe d\'amis aux liens forts dans lequel tout le monde peut s\'intégrer sans efforts. Chaque année se succèdent des comités, plus entreprenant les uns que les autres, dont la tâche est l\'organisation des activités. Nous évoluons, bien sûr, suivant l\'humeur de l\'époque, mais nous restons toujours respectueux de notre riche passé. Ainsi, lors de nos magnifiques soupers, l\'ambiance est telle qu\'elle ferait rougir de jalousie les fêtes les plus connues. De plus, une fois l\'an, une dégustation de bières typiques permettra aux étudiants des autres régionales et à la centaine de Centraux, comme on les appelle, de découvrir ou d\'approfondir leur connaissance sur les monuments brassicoles que sont la Binchoise, la Saint-Feuillen, la Bonne-Espérance, la Barbâr, la Grisette, la Double Enghien...\r\n<br>\r\nLe jour de la Saint-Nicolas, patron des étudiants, personne ne refuse de venir prendre l\'apéro chez nous. Le traditionnel Mouchon réchauffe le corps avant d\'affronter le vent et, bien souvent, la pluie qui frappent le grand cortège estudiantin qui parcourt la Ville.\r\n<br>\r\nEnfin, pour terminer l\'année en apothéose, un car est affrété afin que chacun puisse assister au Carnaval de Binche, clou des festivités de la région, où nous louons un local pour permettre à tous nos membres de se retrouver autour d\'un bon verre de bière.\r\nLa Centrale FPMs - Photo du carnaval<br>\r\nAlors, si tu es du coin, que tu joues du tambour, de la clarinette ou du trombone, que tu aimes danser sur les airs de Gilles et que tu aimes t\'amuser, la Centrale est faite pour toi. Rejoins-nous, nous t\'attendons les bras ouverts.<br>\r\n</p>\r\n<p>Le Comité :</p>\r\n<ul>\r\n	<li>Président: Cyril Dolivier </li>\r\n    <li>V-P : I\'m am No One</li>\r\n    <li>Trésorier : Antoine Randour</li>\r\n    <li>Secrétaire :Alexandre Radelet</li>\r\n    <li>DRI-R : Aurélien Sergent </li>\r\n</ul>', '../resources/img/Centrale.PNG'),
(6, 'Boraine', '<p>\r\nLa cercle estudiantin de la F.P.Ms se compose de cercles fédérés d’une part, et des régionales d’autre part. Et si tu viens de la région boraine et de ses environs, ou si tu te sens proche et fier de cette belle région, alors ces mots sont pour toi : rejoins-nous ! Chaque étudiant choisissant de participer à la bleusaille sera affilié à l’une des quatre régionales de la F.P.Ms, qui se chargera de l’accueillir et de le suivre lors de son parcours. Si tu en fais toi aussi le choix, nous serons fiers de te faire découvrir le folklore borain où l’amusement et le respect des traditions sont les maîtres mots !<br>\r\nDès le début de ton parcours, le comité borain te sera présenté et te présentera à son tour les membres, les chants, et les traditions de cette très belle régionale. Chaque membre te guidera tout au long de ta bleusaille et de ta vie estudiantine, te conseillera dans les bons moments comme dans les mauvais. Comme une vraie petite famille prête à t’accueillir si tu en fais le choix !\r\nTout au long de l’année seront également organisés divers événements, tel que des soupers, des dégustations, des sorties qui te permettront de découvrir les spécialités (et les bières !) délicieuses de ta région tout en partageant de bons moments avec les membres de ta régionale. <br>\r\nLe baptême, outre la découverte du folklore, est une chose que personne ne regrette, il t’ouvrira la porte à des expériences qui te feront grandir. Tu tisseras des liens forts, qui dureront bien au-delà de tes années à la faculté. <br>\r\nNous espérons que nous t’avons donné envie de rejoindre la comité des baptisés de la F.P.Ms, surtout au sein de notre belle régionale. Les cartes sont entre tes mains, pour décider du visage que prendront tes années à la faculté, mais ne laisse pas passer cette chance. Et puis, qui ne tente rien n’a rien !\r\n\r\n</p>\r\n<p>\r\n	Comité :\r\n</p>\r\n<ul>\r\n	<li>Président : Mélanie Francotte</li>\r\n	<li>V-P : Emelyne Vandergheynst</li>\r\n	<li>Trésorier : Augustin Latiers</li>\r\n	<li>Secrétaire : Julien Bertiaux</li>\r\n	<li>DRI-R : Margaux Gontier</li>\r\n\r\n\r\n</ul>\r\n<img class=\"borain\" src=\"../resources/img/PhotComiteBorain.jpg\" width=\"75%\">\r\n', '../resources/img/Borain.PNG'),
(7, 'CAP', '<p>\r\nLa Centrale d\'Achat Polytechnique, plus communément appelée C.A.P., est l\'endroit idéal pour vous procurer tout le matériel dont vous avez besoin et ce, à prix démocratiques. Ainsi, vous y trouverez crayons, bics, blocs de feuilles, cahiers, fluos… Mais aussi du papier calque, millimétré, et du matériel d’architecture. C’est également là que vous pourrez acheter un tablier de laboratoire ou encore des CD à graver.N’hésite pas à consulter la liste complète de nos articles, disponible sur ce site.\r\n<br>\r\nA la CAP, vous trouverez également quelques petites choses à grignoter : des friandises (Twix, Nougatti, Kinder Surprise,…) mais aussi de délicieuses glaces et granita toute l\'année. Ainsi, chaque jour de 12h50 à 13h20, à côté du bar, vous trouverez la porte grande ouverte et deux charmantes capeuses pour vous servir<br>\r\nLa CAP, c\'est aussi un endroit calme et agréable où l\'on peut discuter et passer du bon temps à midi.\r\n<br>\r\nN\'hésitez pas à nous rejoindre, car à la C.A.P., il fait bon vivre.<br>\r\n</p>\r\n<p>Le Comité :</p>\r\n<ul>\r\n	<li>Président: Clélia Galvanin </li>\r\n    <li>Trésorier : Charlotte Luypaert</li>\r\n\r\n</ul>', '../resources/img/CAP.PNG'),
(8, 'Mons-Mines', '<p>\r\nToi qui, tel Bernard, tapis La cinglante remarque dans les méandres de ta cervelle<br>\r\nToi qui, au soir de la guindaille, ne trouve pas public à ton humour si noir<br>\r\nToi qui, adepte de la délation et d’autres sombres manœuvres, recueille la moindre houleuse <br>histoire...<br>\r\nDévoile-nous tes plus horribles secrets <br>\r\nEntre mauvaise langue et mauvaise foi, viens te délecter des derniers potins et autres méfaits <br>entre les pages du journal satirique de notre Faculté, le bien entendu Mons-Mines <br>\r\nJournal publié 3 à 4 fois par an, il offre au courageux lecteur une vue d’ensemble sur les plus <br>odieux ragots qui animent les couloirs de la cité <br>\r\nLe comité Mons-Mines 180 propose au plus mauvais d’entre tous, des lots et des prix à s’arracher <br>lors de concours et autres moments forts <br>\r\nSi faire partie de cette affreuse machinerie t’intéresse, tu es le bienvenu les soirs de pleine <br>lune (d’impression) à la Mutu.  <br>\r\n\r\n\r\n« Nous ne parlons que trois langues : le français, le second degré et la langue de vipère. »\r\n\r\n</p>\r\n<p>Le Comité :</p>\r\n<ul>\r\n	<li>Président: Ilona Kozak </li>\r\n	<li>Chef de Rédaction : Olivier Soudant </li>\r\n    <li>Trésorier : Lisa Rizzo</li>\r\n    <li>Secrétaire : Victor Benomran</li>\r\n\r\n</ul>', '../resources/img/MonsMines.PNG'),
(9, 'Bar Polytech', '<div class=\"center\">\r\n	<h1>Le Bar</h1>\r\n</div>\r\n<div>\r\n	<p>\r\n		Le Bar est à la \"grande famille Polytech\" ce que \"Stella\" est à \"Artois\", et bien plus qu’une grande famille, c\'est le centre névralgique de notre bonne vieille Faculté.\r\n	</p>\r\n	<p>\r\n		Situé au 69 Boulevard Dolez, la cité Houzeau dispose de ce petit coin de paradis où tu trouveras 176 boissons les moins chères de Mons. Mais on ne va pas seulement au Bar pour y étancher sa soif, on s\'y retrouve également pour plonger dans une ambiance chaleureuse et amicale. En effet, plus qu\'un simple débit de boissons, le Bar est l\'endroit où se déroulent la plupart des activités estudiantines (dégustations en tous genres, soirées déguisées, guindailles...).\r\n	</p>\r\n	<p>\r\n		Ouvert de midi à minuit, le Bar Polytech est l\'endroit où la bière est servie dans la plus pure des traditions : les Barmen, ayant suivi un cours sur le Bon Service de la bière, te serviront toujours parfaitement celle-ci avec un sourire qui peut en faire pâlir plus d’un. Ses cinq pompes procurent toute l\'année aux étudiants de la Stella pétillante et mousseuse ainsi que de manière occasionnelle d’autres bières de notre resplendissante Belgique. Mais cela ne s\'arrête pas là : ses frigos regorgent de spéciales telles que Bush, Chimay, Leffe, Saint Feuillien, Kriek, Gueuze, et j\'en passe... Mais si c\'est pour un simple rafraichissement, ne t\'inquiètes surtout pas, le Bar te réserve une grande variété de jus de fruits (orange, tropical, ananas, multivitaminé, ...) ainsi que des softs en tout genre (7 up, Pepsi, Pepsi max, Mirinda orange, …) te permettant de reprendre du poil de la bête en un claquement de doigt !\r\n	</p>\r\n	<div class=\"divImg center \">\r\n		<img class=\" imgArticle2\" src=\"../resources/img/barAnciens.jpg\" alt=\"Anciens Barmens\" />\r\n	</div>\r\n	<p>\r\n		Notre Bar jouit en plus de nombreuses distractions toujours à ta disposition pour te détendre après une dure journée de labeur. Tu pourras choisir entre une traditionnelle partie de cartes, ou opter pour un incontournable \"Kicker\" ou une petite flèche. Même si ceux-ci ne t\'intéressent pas, profite des divers jeux de société qui sauront te rappeler les joies des divertissements entre amis et oublier les contraintes de la vie d\'étudiant !\r\n	</p>\r\n	<p>\r\n		Nous espérons tous vivement que tu nous rendes prochainement visite pour que tu découvres tout cela par toi-même... tu verras, tu ne pourras pas être déçu(e) !\r\n	</p>\r\n	<p>\r\n		Si tu souhaites nous contacter, tu peux nous envoyer un mail à <a> bar.polytech@gmail.com</a>\r\n	</p>\r\n	<p>\r\n		N’oublie pas de rejoindre  <a href=\"https://www.facebook.com/groups/14030439484\">notre groupe facebook</a>\r\n		  pour être au courant des nouveautés et changements de dernière minute ;-)\r\n	</p>\r\n\r\n\r\n</div>\r\n\r\n', '../resources/img/Capture.PNG'),
(10, 'cercle Peyresq', '<p>\r\nMa mission cher lecteur, chère lectrice est de te faire découvrir Peyresq. C’est à travers ces quelques lignes que je vais t’initier à la vie peyrescane.\r\nMais tout d’abord tu dois te demander ce qu’est Peyresq ?!\r\n<br>\r\nPeyresq est un charmant petit (très petit) village perché à 1528m d’altitude en région Provence-Alpes-Côte-D’azur. En 1950, ce village ne fut plus qu’un tas de pierres laissés à l’abandon par ses villageois mais un bruxellois tomba sous son charme et décida de redonner vie au village.<br>\r\nAu fil des années, des associations d’étudiants situées à Mons, Bruxelles, Liège et Gembloux achetèrent des maisons sur place et ont commencé la reconstruction complète du village. Les maisons sont maintenant totalement habitables et le confort n’est pas un problème (eau courante, électricité, chambres bien fournies, …).\r\n<br>\r\nDe nos jours, de nombreux étudiants s’y retrouvent chaque été pour y passer leur début de vacances (tu pourras faire de nombreuses rencontres) mais ne pense pas qu’il n’y a que des étudiants car Peyresq est ouvert à tous ! En effet, grâce à l’asbl Pro peyresq tu peux y aller avec qui tu veux. \r\nNous possédons deux maisons : Galilée et Archimède qui peuvent être louées à tout moment de la saison.\r\n<br>\r\nA ce moment-là, tu te dis ok qu’est-ce que je vais aller me perdre là-bas au fin fond de la France… attends un peu la suite \r\n<br>\r\nSous le soleil de Peyresq, viens admirer avec nous tous ces recoins magnifiques à travers de belles randonnées, boire de délicieux soleils ou PASTIS, jouer à la pétanque sur la petite place, viens te détendre au lac aux eaux claires, manger des saucissons et du camembert. \r\nTu verras tu passeras des moments inoubliables.\r\n<br>\r\nSi tu as des envies sportives, ne t’inquiète pas, il y notamment des joggings organisés tous les jours afin de te préparer pour le déci marathon (ou le déci picole pour d’autres). Le village possède son propre terrain de volley qui se situe entre deux amas rocheux un peu plus haut. Il y a également la possibilité de faire du canyoning dans les sublimes gorges du Verdon. Les plus courageux, on peut également faire du vélo sur les petites routes de montagnes (sensations garanties).\r\n<br>\r\nEt puis le traditionnel méchoui du 14 juillet où tout le monde se réunit sur la place pour passer un moment convivial.<br>\r\nQuand Peyresq sera illuminé sous le ciel étoilé, viens donc passer la soirée au Jara (c’est le bar local), on s’y piche bien ! C’est là-bas où des casimirs et les délicieuses liqueurs t’attendent. Tu te demandes ce qu’est un casimir ? Viens a Peyresq pour le découvrir.\r\n<br>\r\nJe pourrais te parler encore longtemps de cet endroit mais le mieux pour toi est de venir par toi-même, te rendre compte de tes propres yeux à quel point le style de vie peyrescan est formidable.<br>\r\nTu es retissant ? N’hésite pas à venir poser tes questions au comité qui se fera un plaisir d’y répondre. \r\n\r\n<br>\r\nChères lectrices, chers lecteurs, 51 bises.<br>\r\n<br>\r\nNous vous disons à bientôt. <br>\r\n<br>\r\n</p>\r\n<p>Le Comité :</p>\r\n<ul>\r\n	<li>Président: Martin Honet </li>\r\n	<li>V-P : Sam Lorent </li>\r\n    <li>Trésorier : Emilie Calomne</li>\r\n    <li>Secrétaire : Simon Degouys</li>\r\n\r\n</ul>\r\n<img src=\"../resources/img/LeComitePeyresq.jpg\">', '../resources/img/Peyresq.PNG'),
(11, 'cercle Culturel', '\r\n\r\n<p>\r\nLe cercle culturel de la faculté polytechnique est comme son nom l’indique le cercle qui s’occupe des sorties culturelles de la faculté. Ses principales activités sont décrites ci-dessous. En plus de ceux-ci nous organisons des soirées cinémas à des prix avantageux ainsi que d’autres activées si l’envie y est. \r\n</p> \r\n<ul>\r\n<li>Le « Voyage Q » </li>\r\n<p>\r\nDans le but d’élargir nos horizons, le comité organise chaque année un voyage dans une grande ville européenne. Durant tout un week -end, les étudiants de toute l’Université de Mons, et pas seulement de la faculté, pourront découvrir de nouvelles cultures. \r\n</p>\r\n<li>Le « 9/10 »</li>\r\n<p>\r\nLe 9/10 est une salle de projection que les étudiants ont eux-mêmes crée il y a quelques années. Elle accueille tous les étudiants de la cité Houzeau. Elle dispose d’un écran de projection, d\'un projecteur et de fauteuils pour se poser le soir. On y trouve également un large de choix de jeux de sociétés, d’une table et de chaises pour animer les soirées de ceux qui le désirent. Des projections et des soirées jeux y sont régulièrement organisées pour le plaisir des résidants. Le 9/10 permet de réunir des locataires, elle a été créé pour et par les étudiants. \r\n</p>\r\n<li>La « Bibli » </li>\r\n<p>\r\n L’organe principal du cercle ! Local situé au 11ème étage de la cité Houzeau, ouvert à tous et rempli de plus de 5000 BD’s, la Bibli est un lieu où vous pouvez lire, louer, discuter, grignoter et boire quelque chose. Chaque année la Bibli se transforme, par l’aide de nos sponsors, pour le bien de nos visiteurs. Ainsi nous pouvons offrir de nouveaux ouvrages, une nouvelle décoration et faire découvrir de nouveaux choix de lecture à tous ceux qui le veulent.\r\n </p>\r\n </ul>\r\n\r\n<p>Le Comité :</p>\r\n<ul>\r\n	<li>Président: Lea Deceuninck </li>\r\n	<li>Trésorier : Arnaud Henrotin </li>\r\n    <li>Délégué Jeux : Youri Richoux</li>\r\n    <li>Délégué Bibli : Maxence Renard</li>\r\n\r\n</ul>\r\n', '../resources/img/Culturel.jpg'),
(12, 'cercle Magellan', '<p>\r\nAvec un tel nom, le Magellan aurait pu être le cercle \"Planches à voiles et Triangle des Bermudes\". Mais il n\'en est rien. Notre domaine de prédilection, c\'est l\'informatique.<br>\r\n Pas de connexion Internet, besoin d’une machine plus puissante? Pas de problème, nous mettons des machines à disposition au local 500 de la Cité Houzeau. Tu pourras y travailler autant que tu veux : programmer, taper tes rapports de labos, trouver des infos sur la reproduction des Mellivora capensis d’Afrique du Sud... Ou alors peut-être préfères-tu tenter de te mesurer à nos experts des jeux vidéo. Anéfé, l\'informatique facilite grandement le travail mais heureusement permet aussi des utilisations plus ludiques.<br>\r\n Vient ensuite le \"Game\". Organisé tous les ans (ou presque), le Game c\'est 42 heures de jeux en réseau aux amphithéâtres de la F.P.Ms, environ 200 joueurs (joueuses) prêt(e)s à s’affronter dans des tournois pourvus de nombreux lots. Cette ambiance qui, depuis plusieurs années déjà, nous vaut de faire venir des joueurs (joueuses) de toute la Wallonie et même du nord de la France est toujours assurée.<br>\r\n Tu es l\'heureux (heureuse) propriétaire de ta propre machine dans ton kot de la cité ? Un petit ennui technique ? Il te suffit de faire appel à l\'un de nos administrateurs. La réparation express de Windows et la configuration des cartes réseaux font partie intégrante de leur arsenal de qualités de connections à la Matrice. Envie de développer ton propre site web ? Pas de problème, nous pouvons l\'héberger pour toi et si tu as besoin d\'aide, le PHP et le SQL n\'ont plus aucun secret pour nous. Tu auras peut-être même la chance de trouver parmi nos rangs, des fanatiques du logiciel libre prêts à t\'enseigner les bases de Linux et des systèmes BSD. Tu aimerais te racheter un ordinateur mais tu ne sais pas trop quoi choisir ? N’hésite pas, nous serons heureux de te conseiller<br>\r\nTu aimerais répondre 42 à toutes tes questions d’exam, tu es intéressé(e) par l’informatique, tu sais pourquoi la Peugeot 404 n’existe pas, tu aimes passer du temps sur l’ordinateur et tu veux t’investir dans un cercle où la bonne ambiance règne ? Nous sommes toujours à la recherche de personnes motivées à apporter leur puce à l\'édifice. Rejoins-nous du côté obscur de l\'administration et peut-être même découvriras-tu pourquoi un cercle informatique peut s\'appeler \"Le Magellan\"\r\n\r\n</p>\r\n\r\n<p>Le Comité :</p>\r\n<ul>\r\n	<li>Président: Simon Laurent </li>\r\n	<li>Trésorier : Thomas Guily </li>\r\n    <li>Délégué Jeux :Quentin Tedeschi </li>\r\n</ul>\r\n', '../resources/img/Magellan.PNG'),
(13, 'cercle des sports', '<div class=\"center\">\r\n	<h1>Les Sports</h1>\r\n</div>\r\n<div>\r\n<p>\r\n	A première vue, la vie universitaire peut sembler si chargée qu’elle ne laisse que peu de place aux activités sportives. Cependant, à la Faculté Polytechnique de Mons, nous nous efforçons sans cesse de ne pas négliger cet aspect sportif. C’est spécialement dans ce but que le Cercle des Sports existe, permettre aux étudiants de s’épanouir pleinement et sportivement. \r\n</p>\r\n<p>\r\n	Qu’il s’agisse de leçons de zumba ou de séances abdos-fessiers, de rendez-vous jogging ou natation, tout est mis en place pour rendre la vie à la Faculté aussi sportive que divertissante ! C’est aussi le Cercle des Sports qui fournit à tout étudiant, kottant ou non, l’accès à une salle de musculation au sein de la cité Houzeau. Enfin, on ne peut évoquer le Cercle des Sports sans penser à la semaine blanche et à sa virée au ski ! Partir une semaine entre amis pour vivre au rythme des pistes et des animations estudiantines, sous le symbole de la bonne ambiance et de la décontraction.\r\n</p>\r\n<p>\r\n	Pour satisfaire à toutes ces exigences sportives et sociales, le comité est constitué d’une équipe de 4 personnes, menée par sa présidente Elora Amorison, auquel s’associent le vice-président Valentin Manto, la trésorière Margot Lardinois et le secrétaire Florian Urbain.\r\n</p>\r\n<p>\r\n	Vous l’aurez compris, sportif du dimanche ou bien de haut niveau, tous trouveront leurs marques et auront l’occasion de profiter des bienfaits de la vie étudiante en restant au meilleur de leur forme, car comme le dit l’adage : un esprit sain dans un corps sain ! \r\n</p>\r\n\r\n\r\n</div>\r\n\r\n\r\n\r\n\r\n<div>\r\n	<div class=\"divImg center \">\r\n	<img class=\" imgArticle2\" src=\"../resources/img/comiteSport.jpg\" alt=\"comité des sports 180\" />\r\n	</div>\r\n	<div class=\"comiteList\">\r\n		<div class=\"comiteMembre\">\r\n			<p>\r\n				Présidente <br>\r\n				Elora Amorison <br>\r\n			</p>\r\n		</div>\r\n		<div class=\"comiteMembre\">\r\n			<p>\r\n				 Vice-Président <br>\r\n				Valentin Manto <br>\r\n			</p>\r\n		</div>\r\n		<div class=\"comiteMembre\">\r\n			<p>\r\n				Trésorière<br>\r\n				Margot Lardinois <br>\r\n			</p>\r\n		</div>\r\n		<div class=\"comiteMembre\">\r\n			<p>\r\n				Secrétaire<br>\r\n				Florian Urbain  <br>\r\n			</p>\r\n		</div>		\r\n	</div>\r\n</div>\r\n', '../resources/img/Sports.PNG'),
(14, 'Mutuelle d\'édition', '<p>\r\nLa Mutuelle d’Edition des Etudiants de la Faculté Polytechnique de Mons, souvent abrégée Mutu, est une presse universitaire gérée par des étudiants pour des étudiants. <br>\r\nSituée derrière la cité Houzeau, elle vous permet de vous procurer vos syllabi à la rentrée mais offre également d’autres services tels que des impressions ou encore des reliures, le tout à un tarif très concurrentiel.<br>\r\nLa Mutu est ouverte toute la semaine de 13h à 16h. <br>\r\nPour être tenu au courant des éventuels changements d’horaire, n’hésitez pas à venir liker notre page Facebook « Mutuelle d\'Édition F.P.Ms ».<br>\r\n\r\n\r\n</p>\r\n\r\n<p>Le Comité :</p>\r\n<ul>\r\n	<li>Présidente: Coraline Clayes </li>\r\n	<li>Trésorier : Ludovic Verdure </li>\r\n    <li>Secrétaire : Julie Leuleux </li>\r\n</ul>\r\n', '../resources/img/Mutu.PNG'),
(15, 'cercle Photo Video', '<div class=\"center\">\r\n	<h1>Le Cercle Photo-Vidéo, ou CPV</h1>\r\n</div>\r\n<div>\r\n<p>\r\n	Le cercle Photo-Vidéo de la F.P.Ms est un comité de personnes passionnées par la photographie, le montage de vidéos ou tout simplement par le fait de garder un souvenir concret de nos années à l\'université.\r\n</p>\r\n<p>\r\n	Nous sommes chargés d\'immortaliser les évènements organisés par la Faculté, tant du côté académique, qu\'au sein de notre cercle estudiantin. Nous réalisons ainsi des vidéos et des albums récapitulatifs de tous les bons moments passés ensemble.\r\n</p>\r\n<p>\r\n	Pour conclure, notre rôle ultime est avant tout de graver dans le temps le passage de tous les étudiants de la Faculté Polytechnique de Mons.\r\n</p>\r\n\r\n</div>\r\n\r\n\r\n\r\n\r\n<div>\r\n	<div class=\"divImg center \">\r\n	<img class=\" imgArticle2\" src=\"../resources/img/comiteCPV.jpg\" alt=\"comité du CPV 180\" />\r\n	</div>\r\n	<div class=\"comiteList\">\r\n		<div class=\"comiteMembre\">\r\n			<p>\r\n				Délégué Vidéo <br>\r\n				Thomas Laurent <br>\r\n			</p>\r\n		</div>\r\n		<div class=\"comiteMembre\">\r\n			<p>\r\n				 Responsable Photo<br>\r\n				Alix lambrights <br>\r\n			</p>\r\n		</div>\r\n		<div class=\"comiteMembre\">\r\n			<p>\r\n				Présidente<br>\r\n				Laura Couture <br>\r\n			</p>\r\n		</div>\r\n		<div class=\"comiteMembre\">\r\n			<p>\r\n				Déléguée Photo<br>\r\n				Charlotte Bartel  <br>\r\n			</p>\r\n		</div>	\r\n		<div class=\"comiteMembre\">\r\n			<p>\r\n				Responsable Vidéo<br>\r\n				Nicolas Capette <br>\r\n			</p>\r\n		</div>		\r\n	</div>\r\n</div>', '../resources/img/CPV.PNG'),
(16, 'cercle Radio Extra', '<p>\r\nDepuis plus de 40 ans, au sein de notre chère Cité Houzeau, tout un chacun peut écouter Radio Extra. C’est un des premiers projets de radio étudiante en Belgique ! Comme tout projet lancé par des étudiants de la FPMs, cette radio a pu être créée grâce à la détermination et l’ingéniosité de quelques passionnés. En effet, les premières « émissions » ont été réalisées avec très peu de moyens : pour émettre, il suffisait d’un peu de matériel amateur, de stores métalliques (faisant office d’an¬tenne) et de la passion de ces étudiants. Bien entendu, le paysage radiophonique était beaucoup moins pollué à cette époque, et le même matériel ne permettrait sûrement pas actuellement d’émettre sur un rayon supérieur à 100 mètres. L’évolution de la station s’est d’abord faite de manière clandestine (les années 80 furent une époque où de nombreuses radios pirates existaient) pour ensuite évoluer vers une radio écoutée par toute la communauté étudiante montoise. De nos jours, Radio Extra émet exclusivement sur internet suite à un réarrangement des ondes par la communauté française. \r\nComme chaque année, Radio Extra propose aux étudiants de la Fac (et même aux anciens étudiants) d\'animer une émission hebdomadaire de 1h pendant laquelle tout ou presque est permis. En effet, chaque animateur a le droit et le devoir de passer ses musiques et chansons favorites. On obtient ainsi une grande variété de styles musicaux, du hardcore bourrin à la dubstep/drum and bass en passant par les dessins animés de ta jeunesse. \r\nEn parallèle, des « Spéciales » de 22h à 00h sont organisées durant l’année traditionnellement le lundi. Toutes les propositions sont les bienvenues ! Mais la radio organise soigneusement d’autres activités : des karaokés, la nocturne radio, le SOUPER RADIO DE FIN D’ANNEE, ... Ca y est, tes oreilles frémissent ? Alors rejoins-nous au local 400 de la Cité, ou connecte toi sur la webradio. Plus de renseignements ? Tu peux et nous contacter à l\'adresse Radio-Extra@outlook.com\r\n</p>\r\n<p>\r\n	Comité :\r\n</p>\r\n<ul>\r\n	<li>Président : Mathis Delehouzée</li>\r\n	<li>Trésorier : Flavian Descamps</li>\r\n	<li>Secrétaire : Joris Solbreux</li>\r\n	<li>Délégué Web : Florence Bridoux</li>\r\n	<li>Délégué Technique : Lukas Temmerman</li>\r\n	<li>Délégué Programmation : Maxime Destrait </li>\r\n	<br> <br>\r\n	<li>Commisaire aux comptes : Pierre-Louis Marcq</li>\r\n\r\n\r\n</ul>\r\n<img src=\"../resources/img/Radiop.jpg\">', '../resources/img/logo_radio.jpg'),
(17, 'cercle Scientifique', 'Le Cercle Scientifique, comme son nom ne l’indique pas du tout, est un conglomérat épique et magique regroupant les plus vaillants bricoleurs et les esprits les plus imaginatifs de notre très chère Faculté. Ces magnifiques bricoleurs-inventeurs portent le nom de « Charistes » et sont toujours prêts à relever les défis les plus insurmontables et les plus saugrenus !\r\n\r\nÀ la tête de cette véritable institution se trouvent deux personnes : un.e Président.e et un.e Secrétaire, une visseuse toujours collée à la main et à tout instant disposés à vous aider dans vos projets étudiants ou vos réparations/bricolages du dimanche ; que ce soit par une aide réelle, un prêt de matériel (et Dieu sait que nous en possédons de qualité supérieure !) ou une expertise en bonne et due forme. Tout cela étant, bien entendu, gratuit !\r\n\r\nNotre Cercle et son armée de Charistes assoiffés de Brut de pêche comptent d’innombrables faits d’armes à leur actif, certes … Mais sans VOUS, l’avenir de notre Grande Faculté, son écrasante supériorité ne pourra se faire éternellement !\r\n\r\nAlors n’hésitez pas une seule seconde à rejoindre la Grande Famille des Charistes ; que nous puissions Scier, Visser, Clouer (et Affoner) tous ensemble ! Du fond du cœur, je vous assure que cela en vaut La Penne.\r\n\r\nAu plaisir de vous compter très bientôt parmi nos rangs et avec mes respects les plus grands,\r\n\r\nArnaud Bougard **(*)** a.k.a « Boogie », Président du Cercle Scientifique 179-180. ', '../resources/img/Scientifique.PNG'),
(18, 'cercle Sono Danse Musique', '<p>\r\n\r\n\r\nLe cercle Sono-Danse-Musique est un cercle multidisciplinaire qui s’occupe de tout ce qui touche à la musique et à la danse. Nous organisons des soirées à thèmes en collaboration avec Radio Extra telles que soirée karaoké, blind test ou encore Guitar Hero. Nous préparons également 2 concerts et spectacles de danse au cours de l’année dont un au Crasino, une soirée qui se déroule au 2e quadrimestre. Pour finir, notre rôle le plus important consiste à ambiancer en musique la plupart des soirées Polytech pour faire bouger la foule sur le dancefloor.<br>\r\nNous louons aussi notre matériel à des prix très démocratiques pour toutes sortes d’événements (mariages, anniversaires, bar mitzvah,…). Les prix sont les suivants :\r\n<ul>\r\n<li>Sono, lampes et DJ - forfait pour 6 heures : 225€ (+ 10€ par heure supplémentaire)</li>\r\n<li>Sono, lampes - 175€</li>\r\n<li>Sono seule - 125€</li>\r\n<li>Lampes seules ou DJ seul - 75€</li>\r\n</ul>\r\nDe plus, les étudiants de l’UMons bénéficient d’une réduction de 50€ sur les prix cités plus haut (sauf pour lampes seules ou DJ seul).\r\n\r\n\r\n</p>\r\n\r\n<p>Le Comité :</p>\r\n<ul>\r\n	<li>Présidente: Julien Vanvilthoven </li>\r\n	<li>Trésorier : Aude Dupont </li>\r\n    <li>Délégué Sono : Emilien Messian </li>\r\n    <li>Délégué Danse : Pauline Delvallée</li>\r\n    <li>Délégué Musique : Pierre-François Mistri</li>\r\n</ul>\r\n', '../resources/img/SonoDanceMusique.PNG');

-- --------------------------------------------------------

--
-- Structure de la table `chant`
--

CREATE TABLE `chant` (
  `id_chant` int(11) NOT NULL,
  `air_chant` varchar(25) DEFAULT NULL,
  `parole_chant` text,
  `description_chant` varchar(25) DEFAULT NULL,
  `nom_chant` varchar(250) DEFAULT NULL,
  `path_chant` varchar(250) DEFAULT NULL,
  `id_utilisateur` int(11) NOT NULL
) ENGINE=InnoDB DEFAULT CHARSET=latin1;

--
-- Déchargement des données de la table `chant`
--

INSERT INTO `chant` (`id_chant`, `air_chant`, `parole_chant`, `description_chant`, `nom_chant`, `path_chant`, `id_utilisateur`) VALUES
(1, '', '<p>La femme qui pète au lit <br>\r\nQui pète au lit  <br>\r\nÉprouve quatre jouissances ! <br>\r\nElle bassine son lit <br>\r\nBassine son lit <br>\r\nElle soulage sa panse <br>\r\nElle entend son cul qui chante } <br>\r\nElle empoisonne son mari        }(bis) <br></p>\r\n', '', 'Les 4 jouissances', '../resources/audio/4 jouissances.m4a', 1),
(2, '', '<p>\r\nC\'était un soir sur les bords de l\'Yser<br>\r\nUn soldat belge qui montait de faction, oui de faction !<br>\r\nVinrent à passer trois jeunes militaires<br>\r\nParmi lesquels se trouvait le Roi Albert<br>\r\n\"Qui vive-là, cria la sentinelle,<br>\r\nQui vive-là, vous ne passerez pas.<br>\r\nSi vous passez, craignez ma baïonnette,<br>\r\nRetirez-vous, vous ne passerez pas (bis)<br>\r\nHalte là!,\" <br>\r\n<br>\r\nLe Roi Albert mit la main à la poche:<br>\r\n\"Tiens, lui dit-il, et laisse-nous passer, laisse-nous passer.\"<br>\r\n\"Non, répondit la brave sentinelle<br>\r\nL\'argent n\'est rien pour un vrai soldat belchhhhhhhhh !<br>\r\nDans mon pays, je cultivais la terre,<br>\r\nDans mon pays, j’élevais des cochons:<br>\r\nMais maintenant que je suis militaire<br>\r\nRetirez-vous, vous ne passerez pas (bis)<br>\r\nHalte là!\"<br>\r\n<br>\r\nLe Roi Albert dit à son capitaine:<br>\r\n\"Fusillons-le, c\'est un mauvais sujet, mauvais sujet !<br>\r\nFusillons-le, passons-le par les armes<br>\r\nFusillons-le, et puis nous passerons \"<br>\r\n\"Fusillez-moi, cria la sentinelle,<br>\r\nFusillez-moi vous ne passerez pas,<br>\r\nSi vous passez, craignez ma baïonnette,<br>\r\nRetirez-vous, vous ne passerez pas (bis)<br>\r\nHalte là!\"<br>\r\n <br>\r\nLe lendemain, au grand conseil de guerre<br>\r\nLe Roi Albert l\'appela par son nom: \" Hé Julot!<br>\r\nVoici pour toi, voici la croix de guerre,<br>\r\nLa croix de guerre et la décoration,\"<br>\r\n\"Mais, que dira ma pauvre et tendre mère,<br>\r\nQue dire-t-elle en me voyant si beau ?<br>\r\nLa croix de guerre pend à ma boutonnière,<br>\r\nPour avoir dit: vous ne passerez pas. (bis)<br>\r\nHalte là!\"<br>\r\n</p>\r\n', '', 'La Chanson du Roi Albert', '../resources/audio/la chanson du roi albert.mp3', 1),
(3, 'La salope', '<p>\r\nIl était une fille<br>\r\nQui s\'appelait Suzon<br>\r\nEt qui aimait à rire<br>\r\nAvec tous les garçons!<br>\r\n<br>\r\nRefrain :<br>\r\nAh, la salope!<br>\r\nVa laver ton cul malpropre<br>\r\nCar il n\'est pas propr\' tirelire}<br>\r\nCar il n\'est pas propr\' tirela   }(bis)<br>\r\n <br>\r\nMais à force de rire<br>\r\nSon ventre devint rond!<br>\r\nSa mère lui demande<br>\r\nQui t\'a fait ça Suzon?<br>\r\n<br>\r\nC\'est l\' fils du\' gard\' barrière<br>\r\nAvec son gros bâton<br>\r\n<br>\r\nY avait du sucre au bout<br>\r\nMon Dieu, que c\'était bon!<br>\r\n <br>\r\nSi c\'était à refaire,<br>\r\nJe ne dirais pas non.<br>\r\n</p>', '', 'Le salope', '../resources/audio/La salope.m4a', 1),
(4, '', '<p>\r\nNous ne craignons pas ceux<br>\r\nQui dans la nuit nous guettent<br>\r\nLes flamands et les gueux,<br>\r\nA la taille d’athlètes<br>\r\nNi même que les cieux<br>\r\nNous tombent sur la tête.<br>\r\n <br>\r\nRefrain :<br>\r\n    \r\n    Car nous restons de gais wallons<br>\r\n    Dignes de nos aïeux, nom de Dieu<br>\r\n    Car nous sommes comme eux, nom de Dieu<br>\r\n    Disciples de Bacchus et du roi Gambrinus<br>\r\n <br>\r\nQue jusque tout au bord<br>\r\nOn remplisse nos verres<br>\r\nQu’on les remplisse encore<br>\r\nDe la même manière<br>\r\nCar nous sommes les plus forts <br>\r\nBuveurs de blondes bières.<br>\r\n <br>\r\nNous assistons au cours<br>\r\nParfois avec courage <br>\r\nNous bloquons certains jours<br>\r\nSans trop de surmenage<br>\r\nMais nous buvons toujours <br>\r\nAvec la même rage. <br>\r\n <br>\r\nEt quand nous fermons l’œil<br>\r\nLe soir de la bataille <br>\r\nPour fêter notre deuil<br>\r\nQu’on fasse une guindaille<br>\r\nEt pour notre cercueil<br>\r\nQu’on prenne une futaille.<br>\r\n <br>\r\nEt quand nous paraîtrons<br>\r\nDevant le grand Saint-Pierre<br>\r\nSans peur nous lui dirons :<br>\r\n« Autrefois sur la terre<br>\r\nGrand Saint nous n’aimions <br>\r\nQue les femmes et la bière ! »<br>\r\n <br>\r\nEt quand nous serons pleins<br>\r\nNous irons jusqu’en Flandre<br>\r\nArmés de nos gourdins<br>\r\nPour faire un bel esclandre<br>\r\nEt montrer au Flamins<br>\r\nComment s’qu’on sait les prendre !<br>\r\n\r\n</p>', NULL, 'Le chant des étudiants Wallons', '../resources/audio/le chant des etudiants wallons.mp3', 1),
(5, '', '<p>\r\nC’était sur la terre africaine,<br>\r\nUn régiment dont les soldats, dont les soldats !<br>\r\nSont tous des gars qu\'ont pas eu d\' veine,<br>\r\nC\'est la légion oui nous voilà, oui nous voilà!<br>\r\nPour ce qui est de la discipline,<br>\r\nIl faut passer par Biribi, par Biribi!<br>\r\nSavoir tirer sur la praline,<br>\r\nSavoir jouer du bistouri, du bistouri !<br>\r\n<br>\r\nRefrain :<br>\r\nEt après tout, et on s\'en fout, et on s\'en fout !<br>\r\nLa, la, la<br>\r\nEn marchant sur la grand-route,<br>\r\nSouviens toi oui souviens toi la! la! la!<br>\r\nLes anciens l\'ont fait sans doute,<br>\r\nAvant toi oui avant toi, la! la! la!<br>\r\nDe Gaza à Ténériffe, de Tanger à Tombouctou, <br>\r\nOuh ! Ouh ! Ouh !<br>\r\nSac au dos dans la poussière,<br>\r\nMarchons les légionnaires !<br>\r\n\r\n<br>\r\nJ\'ai vu mourir un pauvre gosse,<br>\r\nUn pauvre gosse de dix-huit ans, de dix-huit ans<br>\r\nTué d’une balles féroce<br>\r\nIl est mort en criant maman, criant maman!<br>\r\nJe lui ai fermé les paupières,<br>\r\nRecueilli son dernier soupir, dernier soupir!<br>\r\nJ\'ai écrit à sa pauvre mère,<br>\r\nQu\'un légionnaire a su mourir, a su mourir !<br>\r\n <br>\r\nEt comme on n\'a jamais eu d\' veine,<br>\r\nIl fallut bien qu’on y creva, qu’on y creva!<br>\r\nSur cette putain d\' terre africaine,<br>\r\nEnterré sous le sable plat, le sable plat!<br>\r\nAvec pour croix une baïonnette<br>\r\nA l\'endroit où l\'on est tombé, l’on est tombé!<br>\r\nQui voulez-vous qui nous regrette,<br>\r\nPuisqu\'on est tous des réprouvés, des réprouvés !<br>\r\n\r\n<br>\r\n\r\n</p>', '', 'Le légionnaire', '../resources/audio/le legionnaire.mp3', 1),
(6, '', '<br>\r\nJean l’autre soir, en montant l’escalier, (bis)<br>\r\nTrouva sa femme étendue sur l’palier, (bis)<br>\r\nOhé, portier ! Ma femme est morte !<br>\r\nVenez, venez vit’!, venez vit’ la chercher,<br>\r\nOu bien j’la fous derrièr’ la porte.<br>\r\n <br>\r\nRefrain :<br>\r\n	Car c’était ell’ qui faisait le chahut à la maison,<br>\r\n	La guenon, la poison,<br>\r\n	Elle est morte !<br>\r\n	Elle ne mettra plus de l’eau dedans mon verre,<br>\r\n	La guenon, la poison,<br>\r\n	Elle est morte !<br>\r\n <br>\r\nPuis Jean s’en fut réveiller les copain, (bis)<br>\r\nFit tant d’potin qu’il fit lever Martin : (bis)<br>\r\nEh les copains ! Ma femme est morte !<br>\r\nC’est moi qui vous paye la goutt’ demain matin<br>\r\nSi vous venez lui faire escorte.<br>\r\n <br>\r\nPuis Jean s’en vint trouver Monsieur l’curé, (bis)<br>\r\nQui ronflait fort sous son bonnet carré : (bis)<br>\r\nOhé, curé ! Ma femme est morte !<br>\r\nDonnez, donnez lui toute vos oraisons<br>\r\nEt puis que le diable l’emporte.<br>\r\n <br>\r\nPuis Jean s’en fut trouver le fossoyeur, (bis)<br>\r\nQui dans une tombe dormait à la fraîcheur : (bis)<br>\r\nOh fossoyeur ! Ma femme est morte !<br>\r\nCreusez, creusez lui un trou large et profond <br>\r\nDe peur que la garce n’en ressorte.<br>\r\n \r\n<br>\r\n\r\nPuis moult oignons, Jean s’en fut acheter, (bis)<br>\r\nPour qu’en son deuil on le vit bien pleurer :(bis)<br>\r\nOhé, fruitier ! Ma femme est morte !<br>\r\nDonnez, donnez moi des oignons bien dorés<br>\r\nPour que je la pleure en sorte.<br>\r\n \r\nPuis Jean s’en fut retrouver sa moitié, (bis)<br>\r\nSa garc’ de femme avait réssucité : (bis)<br>\r\nÔ Aglaé, tu n’es pas morte !<br>\r\nEll’ lui répondit le pot d’chambre à la main :<br>\r\n« Voici la tisan’ que j’t’apporte ».<br>\r\n <br>\r\nDernier refrain :<br>\r\n	Et comm’ toujours, je ferai le chahut à la maison<br>\r\n	Ta guenon, ta poison,<br>\r\n	N’est pas morte !<br>\r\n	Je mettrai encor’ de l’eau dedans ton verre<br>\r\n	Ta guenon, ta poison,<br>\r\n	N’est pas morte !<br>\r\n</p>', '', 'Ma femme est morte', '../resources/audio/Ma femme est morte.m4a', 1),
(7, '  ', '<p>\r\nA l\'ouverture de la chasse<br>\r\nDans un château riche en gibier,<br>\r\nRiche en gibier,<br>\r\nUne marquise aux fins limiers<br>\r\nInvita des chasseurs en masse<br>\r\nBientôt l\'on vit tous les chasseurs<br>\r\nAccourir sans même qu\'on leur dise<br>\r\nAu rendez-vous de la marquise<br>\r\n <br>\r\nRefrain:<br>\r\nNous étions quatre-vingts chasseurs<br>\r\nAu rendez-vous de la marquise<br>\r\nNous étions quatre-vingts chasseurs<br>\r\n80, 80, 80, 80, 80 chasseurs (bis)<br>\r\n <br>\r\nEncouragés par notre belle<br>\r\nNous abattîmes plus d\'un faisan,<br>\r\nPlus d\'un faisan<br>\r\nQuand un sanglier menaçant<br>\r\nVint à s\'élancer dessus elle<br>\r\nMalgré sa rage et sa fureur<br>\r\nNous l\'obligeâmes à lâcher prise<br>\r\nCar pour défendre la marquise...<br>\r\n <br>\r\n\r\n\r\nAprès cette attaque mémorable,<br>\r\nDit la marquise il faut rentrer,<br>\r\nIl faut rentrer;<br>\r\nCe n\'est pas tout de s\'illustrer,<br>\r\nIl faut aussi manger et boire<br>\r\nEn avant les mets, les liqueurs<br>\r\nEt la nappe était déjà mise<br>\r\nA la table de la marquise...<br>\r\n<br>\r\nQuand on eut savouré l\' champagne<br>\r\nNous fûmes dispos à l\'amour,<br>\r\n’Spos à l\'amour<br>\r\nChacun voulut, chacun son tour,<br>\r\nEmbrasser l\'aimable compagne<br>\r\nNous étions tous de belle humeur<br>\r\nEt la belle était déjà grise<br>\r\nEt dans le lit de la marquise...<br>\r\n<br>\r\nAprès cette histoire mémorable<br>\r\nNotre marquis\' neuf mois plus tard,<br>\r\nNeuf mois plus tard.<br>\r\nNous mit au monde un beau bâtard<br>\r\nUn homme aujourd\'hui redoutable<br>\r\nDe ces jours ignorant l\'auteur<br>\r\nIl demanda qu\'on l\'en instruise<br>\r\nTu es le fils de la marquise, }<br>\r\nLe fils de 80  chasseurs...    }(bis)<br>\r\n <br>\r\nEt qui n’avaient pas peur !<br>\r\n\r\n </p>\r\n', NULL, 'Les 80 Chasseurs', '..\\resources\\audio/80 chasseurs.m4a', 1),
(8, NULL, '<p>\r\nAmis, il existe un moment<br>\r\nOù les femmes, les filles et les mères<br>\r\nAmis, il existe un moment<br>\r\nOù les femmes ont besoin d\'un amant<br>\r\nQui les chatouille<br>\r\nJusqu\'à ce qu\'elles mouillent<br>\r\nEt qui les baise<br>\r\nLe cul sur une chaise<br>\r\nAmis, pour bien chanter l\'amour<br>\r\nIl faut boire (ter)<br>\r\nAmis, pour bien chanter l\'amour<br>\r\nIl faut boire la nuit et le jour,<br>\r\nA la santé du p\'tit conduit par où Margot fait pipi.<br>\r\n<br>\r\nMargot fait pipi <br>\r\nPar son p\'tit con-con <br>\r\nPar son p\'tit dui-dui, <br>\r\nPar son p\'tit conduit<br>\r\nA la santé du p\'tit conduit <br>\r\nPar où Margot fait pipi<br>\r\nIl est en face du trou<br>\r\nLaï trou laï trou laï trou la lère<br>\r\nIl est en face du trou<br>\r\nLaï trou laï trou laï trou la la<br>\r\nIl est en haut du trou ...<br>\r\nIl est en bas du trou ...<br>\r\nIl est à gauche du trou ...<br>\r\nIl est à droite du trou ...<br>\r\nIl est très loin du trou ...<br>\r\nIl est tout près du trou ...<br>\r\nIl va passer par l\'trou ... <br>\r\n \r\n<br>\r\n\r\n\r\n(Parlé)<br>\r\nAmis vérolés ! Verre aux lèvres !<br> Un instant de silence !<br> Une minute de recueillement !<br> Une seconde d\'abnégation !<br> Verre aux lèvres ! ….A-fond !\r\n<br><br>\r\nIl est passé par l\'trou ...<br>\r\nIl repassera par l\'trou ...<br>\r\n</p>', NULL, 'Affond Liégeois ', '../resources/audio/Affond liegeois.m4a', 1),
(9, NULL, '<p>\r\nAmis, il faut faire une pause,<br>\r\nJ\'aperçois l\'ombre d\'un bouchon<br>\r\nBuvons à l\'aimable Fanchon,<br>\r\nChantons pour elle quelque chose.<br>\r\n <br>\r\nRefrain :<br>\r\n    Hé Ah ! C’que son entretien est doux,<br>\r\n    Qu’elle a de mérite et de gloire.<br>\r\n    Elle aime à rire, elle aime à boire, }<br>\r\n    Elle aime à chanter comme nous.  }(ter)<br>\r\n    Oui, comme nous.                       }(bis)<br>\r\n <br>\r\nFanchon quoique bonne chrétienne,<br>\r\nFut baptisée avec du vin;<br>\r\nUn Bourguignon fut son parrain,<br>\r\nUne Bretonne sa marraine.<br>\r\n <br>\r\nFanchon préfère la grillade<br>\r\nA d\'autres mets plus délicats.<br>\r\nSon teint prend un nouvel éclat<br>\r\nQuand on lui sert une rasade.<br>\r\n<br>\r\nFanchon ne se montre cruelle<br>\r\nQue lorsqu’on lui parle d\'amour,<br>\r\nMais moi, si je lui fais la cour,<br>\r\nC\'est pour m\'enivrer avec elle.<br>\r\nUn jour, le voisin La Grenade<br>\r\nLui mit la main dans le corset;<br>\r\nEll\' répondit par un soufflet<br>\r\nSur le museau du camarade.<br>\r\n\r\n</p>', NULL, 'L\'aimable Fanchon', '../resources/audio/aimable-fanchon.m4a', 1),
(10, NULL, '<p>\r\nC\'est dans une vigne<br>\r\nQue j\'ai vu le jour;<br>\r\nMa mère était digne<br>\r\nDe tout mon amour.<br>\r\nDepuis ma naissance<br>\r\nElle m\'a nourri,<br>\r\nEn reconnaissance<br>\r\nMon cœur la chérit. <br>\r\n <br>\r\nRefrain<br>\r\nJoyeux enfant de la Bourgogne<br>\r\nJe n\'ai jamais eu de guignon,<br>\r\nQuand je vois rougir ma trogne<br>\r\nJe suis fier d\'être Bourguignon! <br>\r\n <br>\r\nToujours la bouteille<br>\r\nA côté de moi,<br>\r\nBuvant sous la treille,<br>\r\nPlus heureux qu\'un roi.<br>\r\nJamais je n\' m\'embrouille<br>\r\nCar chaque matin,<br>\r\nJe me débarbouille<br>\r\nDans un verr\' de vin. <br>\r\n <br>\r\nMadère et champagne<br>\r\nApprochez un peu!<br>\r\nEt vous, vins d\'Espagne<br>\r\nMalgré tous vos feux.<br>\r\nAmis de l\'ivrogne<br>\r\nRéclamez vos droits;<br>\r\nDevant la Bourgogne,<br>\r\nSaluez trois fois! <br>\r\n <br>\r\nMa femme est aimable<br>\r\nEt sur ses appas;<br>\r\nQuand je sors de table<br>\r\nJe ne m\'endors pas.<br>\r\nJe lui dis \"Mignonne,<br>\r\nJe plains ton destin\".<br>\r\nMais ma Bourguignonne<br>\r\nJamais ne s\'en plaint. <br>\r\n <br>\r\nJe veux qu\'on enterre,<br>\r\nQuand je serai mort,<br>\r\nPrès de moi un verre<br>\r\nEmpli jusqu\'au bord.<br>\r\nJ\' veux êtr\' dans ma cave<br>\r\nTout près de mon vin,<br>\r\nDans un\' pose grave<br>\r\nLe nez sous l\' robin. <br>\r\n\r\n\r\n</p>', NULL, 'La Bourguignonne', '../resources/audio/Bourguignonne.m4a', 1),
(11, NULL, '<p>\r\nJe me souviens, lorsque j\'étais jeune fille,<br>\r\nD\'un jeun\' garçon qui passait par bonheur,<br>\r\nIl me trouva si jeune et si gentille,<br>\r\nQu\'il me fit voir sa gross\' pine en chaleur.<br>\r\nEt tout à coup, sous mes jupons s\'élance<br>\r\nL\'énorme queue qu\'il tenait à la main:<br>\r\nIl déchira mon voile d\'innocence,<br>\r\nVoilà pourquoi je me suis fait putain! (ter)<br>\r\n <br>\r\nJe ne sais pas si j\'étais un peu coquine,<br>\r\nJ\'aimais déjà qu\'on m\' chatouillât l\' bouton.<br>\r\nJ\'avais goûté de ce bon jus de pine,<br>\r\nJ\'avais reçu du foutre dans le con;<br>\r\nJ\'avais baisé, je n\'étais plus pucelle,<br>\r\nJe chérissais le métier de putain,<br>\r\nPlus je baisais, plus je devenais belle,<br>\r\nVoilà pourquoi je me suis fait putain! (ter)<br>\r\n <br>\r\nQuoi que je ne sois qu\'une fille publique,<br>\r\nJ\'ai de l\'amour et de l\'humanité.<br>\r\nTout citoyen de notr\' libre Belgique<br>\r\nA l’droit d’baiser et d’jouir en liberté.<br>\r\nPour de l\'argent, le riche aura ma fente,<br>\r\nLe pauvre, lui, peut en jouir pour rien.<br>\r\nPour soulager l\'humanité souffrante,<br>\r\nVoilà pourquoi je me suis fait putain! (ter)<br>\r\n\r\n\r\n</p>', NULL, 'Brabançonne d\'une putain ', '../resources/audio/Brabanconne_d_une putain.m4a', 1),
(12, NULL, '<p>\r\nDans son boudoir la petite Charlotte,<br>\r\nChaude du con faute d\'avoir un vit,<br>\r\nSe masturbait avec une carotte<br>\r\nEt jouissait étendue sur son lit.<br>\r\nRefrain <br>\r\nBranle, branle, branle, Charlotte,<br>\r\nBranle, branle, ça fait du bien.<br>\r\nBranle, branle, branle, ma chère,<br>\r\nBranle, branle jusqu\'à demain.<br>\r\n <br>\r\n\"Ah! disait-elle, en ce siècle où nous sommes<br>\r\nIl faut savoir se passer de garçons,<br>\r\nMoi pour ma part, je me fous bien des hommes.<br>\r\nAvec ardeur, je me branle le con!\"<br>\r\nAlors sa main n\'étant plus paresseuse,<br>\r\nAllait venait comme un petit ressort<br>\r\nFaisant jouir la petite vicieuse;<br>\r\nAussi ce jeu lui plaisait-il bien fort!<br>\r\n <br>\r\nMais, ô malheur! ô fatale disgrâce!<br>\r\nLa jouissance lui fit faire un brusque saut,<br>\r\nD’un simple coup, la carotte se casse,<br>\r\nEt dans le con, il en reste un morceau!<br>\r\nUn médecin, praticien fort habile,<br>\r\nFut appelé, qui lui fit bien du mal.<br>\r\nMais, par malheur, la carotte indocile<br>\r\nNe put sortir du conduit vaginal. <br>\r\n <br>\r\nMesdemoisell\'s que le sort de Charlotte<br>\r\nPuisse longtemps vous servir de leçon;<br>\r\nAh ! Croyez-moi, laissez là la carotte,<br>\r\nPréférez-lui le vit d\'un beau garçon!<br>\r\n\r\n\r\n</p>', NULL, 'Charlotte', '../resources/audio/charlotte.mp3', 1),
(13, NULL, '<p>\r\nJ’ai tâté  du vin d’Argenteuil<br>\r\nEt ce vin m’a foutu la foire<br>\r\nJ’ai voulu tâter de la gloire <br>\r\nUne balle m’a crevé l’œil.<br>\r\nDes catins du grand monde <br>\r\nJ’ai tâté la vertu.<br>\r\nDes splendeurs revenu        }<br>\r\nJe veux tâter  le cul                }<br>\r\nDe ma blonde, de ma blonde}(bis)<br>\r\n <br>\r\nPreux guerriers, vaillants conquérants,<br>\r\nFi de la gloir’ qui nous éclope,<br>\r\nVotre maitresse est une salope<br>\r\nQui vous pince en vous caressant !<br>\r\nEmpoignez-moi la ronde,<br>\r\nEt la lance et l’écu<br>\r\nDe peur d’être cocu}<br>\r\nMoi j’empoigne le cul }<br>\r\nDe ma blonde, de ma blonde}(bis)<br>\r\n <br>\r\nY a des gens qui font la grimace<br>\r\nQuand ils voient Monsieur le curé<br>\r\nPromener dedans une châsse<br>\r\nUn bon Dieu en cuivre doré.<br>\r\nCe bon curé se trompe <br>\r\nIl serait mieux venu<br>\r\nSi, foutant là l’Jésus, }<br>\r\nIl promenait le cul}<br>\r\nDe ma blonde, de ma blonde}(bis)<br>\r\n <br>\r\nMon fils, me dit un vieu dervî,<br>\r\nPermettez que l’on vous le dise<br>\r\nA baiser sans permis d’église<br>\r\nVous perdrez le saint Paradis<br>\r\nVous foutez-vous du monde<br>\r\nDis-je à ce noir cocu<br>\r\nLe Paradis perdu }<br>\r\nVaut-il un poil de cul}<br>\r\nDe ma blonde, de ma blonde}(bis)<br>\r\n <br>\r\nPuisqu’ici bas l’homme jeté,<br>\r\nDoit mourir comme une victime,<br>\r\nJe me fous du trépas sublime,<br>\r\nJ’emmerde l’immortalité !<br>\r\nPuissé-je en passant l’onde<br>\r\nDu fleuve au dieu cornu<br>\r\nGodiller ferme et dru}<br>\r\nEt mourir dans le cul}<br>\r\nDe ma blonde, de ma blonde}(bis)<br>\r\n\r\n\r\n</p>', NULL, 'Le cul de ma Blonde', '../resources/audio/Cul de ma blonde.m4a', 1),
(14, NULL, '<p>\r\nDans une tour de Londres,<br>\r\nLà-haut, là-haut,<br>\r\nDans une tour de Londres,<br>\r\nY avait un prisonnier. (bis)<br>\r\n<br>\r\nIl n\'y voyait personne,...<br>\r\n…Que la fill\' du geôlier. (bis)<br>\r\n<br>\r\nUn jour, il lui demande,...<br>\r\n…La clef du cabinet. (bis)<br>\r\n<br>\r\nIl s\'assit sur le trône,...<br>\r\n…Et se mit à chier. (bis)<br>\r\n <br>\r\nEn attendant qu\'ça sèche,...<br>\r\n…Il se mit à chanter. (bis)<br>\r\n<br>\r\nJ\'emmerde la police,...<br>\r\n…Et la maréchaussée. (bis)<br>\r\n<br>\r\nLes gendarm\'s l\'entendirent,...<br>\r\n…Et vir\'nt le trucider. (bis)<br>\r\n<br>\r\nLa moral\' de l\'histoire,...<br>\r\nEst qu\'il faut pas chier<br>\r\nSans avoir du papier.<br>\r\n\r\n\r\n\r\n</p>', NULL, 'Dans une tour de Londres', '../resources/audio/dans une tour de londres.mp3', 1),
(15, NULL, '<p>\r\nDu haut de la montagne, <br>\r\nNom de Dieu! Joséphin\', laisse-toi faire!<br>\r\nDu haut de la montagne,<br>\r\nDescendait un gros cu (bis)<br>\r\n <br>\r\nUn gros curé d\' campagne ...<br>\r\nSuivi de son long vi (bis)<br>\r\nSuivi d\' son long vicaire ...<br>\r\nQui tenait son gros bou (bis)<br>\r\nSon gros bouquin d\' prières ...<br>\r\nQui était plein de ju (bis)<br>\r\nPlein de justice divine ...<br>\r\nPour entrer dans un con (bis)<br>\r\n <br>\r\nDans un confessionnal(e) ...<br>\r\nPour y tirer un cou (bis)<br>\r\n <br>\r\nUn couple de l\'Enfer(e) ...<br>\r\nQui avait mal occu (bis)<br>\r\n <br>\r\nOccupé sa jeunesse ...<br>\r\nEt avait trop été (bis)<br>\r\n <br>\r\n\r\nTrop été à la messe ...<br>\r\nOù il allait quêter (bis)<br>\r\n <br>\r\nQuêter l\'aumôn\' pour pauvres ...<br>\r\nQui en avait besoin<br>\r\n <br>\r\nEt pour la Trinité (bis)<br>\r\n\r\n</p>', NULL, 'Du haut de la montagne', '../resources/audio/Du haut de la montagne.m4a', 1),
(16, NULL, '<p>\r\nQuand pour la premièr\' fois,<br>\r\nJulot encula<br>\r\nUne javanaise,<br>\r\nIl sentit sur son doigt<br>\r\nQuelque chos\' de gras<br>\r\nComm\' d\' la mayonnaise<br>\r\nSon con était si long,<br>\r\nSi large et profond<br>\r\nSi plein de liquide,<br>\r\nQu\'il avait l\'impression<br>\r\nQue son saucisson<br>\r\nNageait dans le vide<br>\r\n <br>\r\nRefrain :<br>\r\nC\'est la java, la bite à papa,<br>\r\nLes couilles à Julot, Oh!<br>\r\nSa p\'tit\' casquett\', ses grosses roupettes<br>\r\nEt son p\'tit mégot.<br>\r\nViens mon Landru, mon tordu,<br>\r\nFous-la moi dans l\'cul,<br>\r\nViens mon trésor, mon Nestor<br>\r\nPousse un peu plus fort.<br>\r\n <br>\r\nMon père était branleur<br>\r\nAstiqueur de bites<br>\r\nDans un bal musette,<br>\r\nMa mère était putain,<br>\r\nFaisait des pompiers<br>\r\nA tous ceux d\' l\'orchestre. <br>\r\n <br>\r\nNon! Tu ne verras plus<br>\r\nLes poils de mon cul,<br>\r\nJ\'en ai fait des brosses<br>\r\nA vingt francs du kilo,<br>\r\nC\'est du bon boulot,<br>\r\nPour nourrir les gosses.<br>\r\n\r\n</p>', NULL, 'La Javanaise', '../resources/audio/Javanaise.m4a', 1),
(17, NULL, '<p>\r\nElle a vraiment d\'une bière flamande<br>\r\nL\'air avenant, l\'éclat et la douceur.<br>\r\nJoyeux Wallons, elle nous affriande<br>\r\nEt le Faro trouve en elle une sœur.<br>\r\n <br>\r\nRefrain<br>\r\nÀ plein verre, mes bons amis,<br>\r\nEn la buvant, il faut chanter la bière<br>\r\nÀ plein verre, mes bons amis,<br>\r\nIl faut chanter la bière du pays.<br>\r\n <br>\r\nVoyez là-bas la kermesse en délire:<br>\r\nLes pots sont pleins, jouez ménétriers!<br>\r\nQuels jeux bruyants et quels éclats de rire!<br>\r\nCe sont encore des Flamands de Teniers!<br>\r\n <br>\r\nAux souverains, portant tout haut leurs plaintes,<br>\r\nBourgeois jaloux des droits de la cité,<br>\r\nNos francs aïeux, tout en vidant leur pinte,<br>\r\nFondaient les arts avec la liberté.<br>\r\n <br>\r\nQuand leurs tribuns, à l\'attitude altière,<br>\r\nFaisaient sonner le tocsin des beffrois,<br>\r\nTous ces fumeurs, tous ces buveurs de bière,<br>\r\nSavaient combattre et mourir pour leurs droits.<br>\r\n <br>\r\nBelges, chantons à ce refrain à boire!<br>\r\nPeintres, guerriers qui nous illustrent tous,<br>\r\nGéants couchés dans leur linceul de gloire,<br>\r\nVont se lever, pour redire avec nous.<br>\r\n\r\n\r\n<br>\r\n\r\nSalut à toi, bière limpide et blonde!<br>\r\nJe tiens mon verre, et le bonheur en main<br>\r\nAh! J\'en voudrais verser à tout le monde,<br>\r\nPour le bonheur de tout le genre humain.<br>\r\n\r\n\r\n</p>', NULL, 'La Bière ', '../resources/audio/la biere.mp3', 1),
(18, NULL, '<p>\r\nUne fois ! Deux fois !...Six fois !<br>\r\n<br>\r\nCett\' fois je sens bien qu’tu m’l’as mise,<br>\r\nCe n\'est plus ton p\'tit doigt qui m\' chatouille,<br>\r\nJe sens à travers ta chemise<br>\r\nLa douce chaleur de tes deux couilles;<br>\r\n<br>\r\nTon doigt n\'était pas si mouillé<br>\r\nIl allait et revenait sans cadence,<br>\r\nMait\'nant c\'est bien plus régulier,<br>\r\nAh nom de dieu, Ah nom de dieu!<br>\r\nQuelle jouissance!<br>\r\nAh nom de dieu, Ah nom de dieu!<br>\r\nQu\'on recommence!<br>\r\n\r\n</p>', NULL, 'La Marche américaine', '../resources/audio/Marche americaine.m4a', 1),
(19, NULL, '<p>\r\nNous sommes les moines de Saint-Bernardin (bis)<br>\r\nQui nous couchons tard et nous levons matin (bis)<br>\r\nPour aller à matines, vider quelques flacons<br>\r\nVoilà c\' qu\'est bon et bon et bon!<br>\r\n<br>\r\nRefrain :<br>\r\nEt voilà la vie, la vie, la vie, la vie chérie ah! ah!<br>\r\nEt voilà la vie que tous les moines font.<br>\r\n<br>\r\nPour notre déjeuner du bon chocolat (bis)<br>\r\nEt du bon café que l\'on nomme moka (bis)<br>\r\nEt la tarte sucrée et les marrons d\' Lyon<br>\r\nVoilà c\' qu\'est bon, et bon et bon!<br>\r\n<br>\r\nPour notre dîner de bons petits oiseaux (bis)<br>\r\nQue l\'on nomme caille bécasse ou perdreau (bis)<br>\r\nEt la fine andouillette et la tranch\' de jambon<br>\r\nVoilà c\' qu\'est bon et bon et bon!<br>\r\n<br>\r\nPour notre coucher dans un lit aux draps blancs (bis)<br>\r\nUne belle nonne de quinze à seize ans (bis)<br>\r\nA la taille bien faite et aux nichons bien ron<ds<br>\r\nVoilà c\' qu\'est bon et bon et bon!<br>\r\n<br>\r\nSi c\'est là la vie que les moines font (bis)<br>\r\nJe me ferai moine avec ma Jeanneton (bis)<br>\r\nEt couché sur l\'herbette j\' lui chatouill\'rai l\' bouton<br>\r\nVoilà c\' qu\'est bon et bon et bon!<br>\r\n<br>\r\n</p>', NULL, 'Les Moines de St-Bernardin', '../resources/audio/Moines.m4a', 1),
(20, NULL, '<p>\r\nIn Dublin’s fair city,<br>\r\nWhere the girls are so pretty,<br>\r\nI first set my eyes on sweet Molly Malone,<br>\r\nAs she wheeled her wheel-barrow,<br>\r\nThro’s streets broad and narrow,<br>\r\nCrying cockles and mussels, alive, alive, oh.<br>\r\n <br>\r\nChorus :<br>\r\n    Alive, alive, oh o; alive, alive, oh o;<br>\r\n    Crying cockles and mussels, alive, alive oh.<br>\r\n <br>\r\nShe was a fish monger,<br>\r\nAnd sure ‘t was no wonder,<br>\r\n‘Cause so were her father and mother before,<br>\r\nAnd they each wheeled their barrows,<br>\r\nThro’s streets broad and narrow,<br>\r\nCrying cockles and mussels, alive, alive, oh.<br>\r\n <br>\r\nShe died of a fever,<br>\r\nAnd no one could save her,<br>\r\nAnd that was the end of sweet Molly Malone,<br>\r\nBut her ghost wheels her barrow,<br>\r\nThro’s streets broad and narrow,<br>\r\nCrying cockles and mussels, alive, alive, oh.<br>\r\n\r\n</p>', NULL, 'Cockles and Mussels (Molly Malone)', '../resources/audio/Molly malone.m4a', 1),
(21, NULL, '<p>\r\nMon cochon, quand il est né,<br>\r\nIl pesait un kilo et demi,<br>\r\nIl était tout petit.<br>\r\n <br>\r\nEt je ris, hi hi !<br>\r\nEt je ris, ah ah !<br>\r\nDe mon cochon, ron ron !<br>\r\nDe mon cochon, ron ron !<br>\r\nDe mon cochon avec sa queue en tire-bouchon,<br>\r\nA fond !!!!<br>\r\n\r\n</p>', NULL, 'Mon Cochon', '../resources/audio/Mon cochon.m4a', 1),
(22, NULL, '<p>\r\nL\'autre jour, l\'idée m\'est venue,<br>\r\nCré nom de Dieu, d\'enculer un pendu!<br>\r\nLe vent soufflant sur la potence,<br>\r\nVoilà mon pendu qui s\' balance<br>\r\nJe n\'ai pu l\'enculer qu\'en volant!<br>\r\nCré nom de Dieu, on n\'est jamais content. <br>\r\n <br>\r\nRefrain :<br>\r\nLa femm\' du vidangeur<br>\r\nPréfère à toute odeur<br>\r\nL\'odeur de son amant<br>\r\nQu\'elle aime éperdument<br>\r\n<br>\r\nIl était deux amants<br>\r\nQui s\'aimaient tendrement<br>\r\nQui s\'aimaient par devant<br>\r\nQui s\'aimaient par derrière,<br>\r\nIl était deux amants<br>\r\nQui s\'aimaient tendrement,<br>\r\nQui faisaient par derrière<br>\r\nCe qu\'on fait par devant<br>\r\n <br>\r\nQuand on baise un con trop petit,<br>\r\nCré nom de Dieu on s\'écorche le vit;<br>\r\nMais quand on baise un con trop large,<br>\r\nOn ne sait pas où l\'on décharge<br>\r\nSe masturber n\'est pas très élégant…<br>\r\nCré nom de Dieu, on n’jouit jamais tant!<br>\r\n <br>\r\nQuand j’arrivais au Paradis,<br>\r\nJe sentis se redresser mon long vit<br>\r\nJ\'ai baisé Saint-Michel l\'Archange<br>\r\nLa Sainte Vierge et tous les anges<br>\r\nSi le bon Dieu n’avait pas cavalé<br>\r\nCré nom de Dieu, je l\'aurais enculé!<br>\r\n\r\n\r\n</p>', NULL, 'Le Pendu', '../resources/audio/Pendu.m4a', 1),
(23, NULL, '<p>\r\nDu dieu Vulcain, quand l\'épouse friponne<br>\r\nVa boxonner loin de son vieux sournois,<br>\r\nLe noir époux, que l\'amour aiguillonne,<br>\r\nTranquillement se polit le chinois.<br>\r\nVa-t-en, dit-il à sa fichue femelle,<br>\r\nJe me fous bien de ton con chassieux;<br>\r\nDe mes cinq doigts, je fais une pucelle,       }<br>\r\nMasturbons-nous, c\'est le plaisir des dieux, }(bis)<br><br>\r\nBah! Laissons-lui ce plaisir ridicule,<br>\r\n\r\nChacun, d\'ailleurs, s\'amuse à sa façon:<br>\r\nMoi, je préfèr\' la manière d\'Hercule,<br>\r\nJamais sa main ne lui servit de con.<br>\r\nLe plus sal\' trou, la plus vieille fendasse,<br>\r\nRien n\'échappait à son vit glorieux,<br>\r\nNous serons fiers de marcher sur ses traces }<br>\r\nBaisons, baisons, c\'est le plaisir des dieux.  }(bis)<br>\r\n<br>\r\nDu dieu Bacchus quand, accablé d\'ivresse,<br>\r\nLe vit mollit et sur le con s\'endort,<br>\r\nSoixante neuf et le vit se redresse;<br>\r\nSoixante neuf ferait bander un mort,<br>\r\nO clitoris, ton parfum de fromage<br>\r\nFait regimber nos engins glorieux<br>\r\nA ta vertu, nous rendons tous hommage: }<br>\r\nGamahuchons, c\'est le plaisir des dieux.  }(bis) <br>\r\n <br>\r\nPour Jupiter, façon vraiment divine,<br>\r\nLe con lui pue, il aime le goudron;<br>\r\nD\'un moule à merde, il fait un moule à pine<br>\r\nEt bat le beurre au milieu de l\'étron,<br>\r\nCette façon est cruellement bonne<br>\r\nPour terminer un gueuleton joyeux:<br>\r\nAprès l\' dessert, on s\'encule en couronne, }<br>\r\nEnculons-nous, c\'est le plaisir des dieux.  }(bis)<br>\r\n <br>\r\nQuand à Pluton, le dieu à large panse,<br>\r\nLe moindre effort lui semble fatigant;<br>\r\nAussi, veut-il, sans craindre la dépense,<br>\r\nFaire sucer son pénis arrogant,<br>\r\nEt nous, rêvant aux extases passées,<br>\r\nTout languissants, réjouissons nos yeux<br>\r\nEn laissant faire une amante empressée, }<br>\r\nLaissons sucer, c\'est le plaisir des dieux. }(bis)<br>\r\n <br>\r\nAu reste, amis, qu\'on en fasse à sa tête,<br>\r\nMain, con, cul, bouche, au plaisir tout est bon,<br>\r\nSur quelqu\'autel qu\'on célèbre la fête,<br>\r\nToujours là-haut, on est sûr du patron.<br>\r\nFoutre et jou-ir, voilà l\'unique affaire,<br>\r\nFoutre et jou-ir: voilà quels sont nos voeux,<br>\r\nFoutons, amis, qu\'importe la manière,        }<br>\r\nFoutons, foutons, c\'est le plaisir des dieux. }(bis) <br>\r\n\r\n\r\n\r\n</p>', NULL, 'Le Plaisir des Dieux', '../resources/audio/Plaisir des dieux.m4a', 1),
(24, NULL, '<p>\r\nElle n’avait que seize ans à peine<br>\r\nQuand elle sentit batt\' son coeur<br>\r\nUn soir avec le môme Gégène<br>\r\nLa pauvrett’ a connu le bonheur.<br>\r\nC\'était l\' jour d\' la fêt\' nationale<br>\r\nLes fusées pétaient en l\'air<br>\r\nElle sentit comme un trou de balle<br>\r\nUn frisson parcourir sa chair.<br>\r\nRefrain<br>\r\nPar devant, par derrière,<br>\r\nTristement comme toujours,<br>\r\nSans chichis, sans manières,<br>\r\nElle a connu l\'amour<br>\r\nLes oiseaux dans les branches<br>\r\nEn les voyant s\'aimer<br>\r\nEntonnèrent la romance<br>\r\nDu quatorze juillet.<br>\r\n <br>\r\n« Tape ta pine au plafond<br>\r\nPoil au cul, poil au con,<br>\r\nEt dis moi si c’est bon, c’est bon ! »<br>\r\n <br>\r\nMais quand refleurit l\'aubépine,…(de cheval)<br>\r\nAu premier souffle du printemps,…(de chien)<br>\r\nFallait voir la pauvre gamine…(de rien)<br>\r\nMettre au monde un petit enfant…(de pute)<br>\r\nEt Gégène qu\' est l’mec à la coule<br>\r\nLui dit: \" Ton môme, moi j\' m\'en fous!<br>\r\nJe te l’ai fait, maintenant je m\' les roule<br>\r\nA ta place, je lui tordrais le cou.\" <br>\r\n <br>\r\nRefrain <br>\r\nPar devant, par derrière,<br>\r\nTristement comme toujours,<br>\r\nFallait voir la pauv\' mère,<br>\r\nEt son gosse de huit jours,<br>\r\nEn fermant les paupières<br>\r\nElle lui tordu l\' kiki<br>\r\nEt dans l\' trou des watères<br>\r\nElle a jeté son petit<br>\r\n <br>\r\n« Tape ta pine au plafond…<br>\r\n <br>\r\nMise au banc de la cour d\'assises<br>\r\nComme a celui de la société<br>\r\nElle fut traitée de fille soumise<br>\r\nElle qui ne l’avait jamais été.<br>\r\nElle repensait à son pauvre gosse<br>\r\nQu’elle n’avait plus maintenant<br>\r\nEn attendant le verdict atroce<br>\r\nQui la condamne au bagne pour vingt ans.<br>\r\n <br>\r\nDernier refrain<br>\r\nPar devant, par derrière,<br>\r\nTristement comme toujours,<br>\r\nElle est mort\' la pauvr\' mère<br>\r\nA Cayenne un beau jour,<br>\r\nMorte avec l\'espérance<br>\r\nDe revoir son petit<br>\r\nDans la fosse d\'aisance<br>\r\nOù c’est qu’elle l’avait mis.<br>\r\n <br>\r\n« Tape ta pine au plafond ...<br>\r\n\r\n\r\n\r\n\r\n</p>', NULL, 'La romance du 14 Juillet', '../resources/audio/Romance du 14 juillet.m4a', 1),
(25, NULL, '<p>\r\nOch så svingar vi<br>\r\nPa sejdelen igen<br>\r\nSkål<br>\r\n <br>\r\nOch så hamnar vi på fyller fest igen<br>\r\nSkål<br>\r\n <br>\r\nIf you want some funny<br>\r\nYou can fuck my granny<br>\r\nBut you’ll get no arse off me!<br>\r\nOï!!<br>\r\n <br>\r\nFuck yourself, you’ll save you money!<br>\r\nFucking in the morning is better than eating porridge!<br>\r\n <br>\r\nTantine Monique possède <br>\r\nUne Volkswagen <br>\r\nGolf !<br>\r\n \r\n\r\n</p>', NULL, 'Skål', '../resources/audio/Skal.m4a', 1),
(26, NULL, '<p>\r\nTrois orfèvres, à la Saint Eloi<br>\r\nS\'en allèr\'nt dîner chez un autre orfèvre;<br>\r\nTrois orfèvres, à la Saint Eloi<br>\r\nS\'en allèr\'nt dîner chez un bon bourgeois<br>\r\nIls ont baisé toute la famille:<br>\r\nLa mère aux tétons, le père au cul, la fille au con.<br>\r\nRefrain :<br>\r\nRelevez, la belle, votre blanc jupon,<br>\r\nQu\'on vous voie le cul, qu\'on vous voie les fesses,<br>\r\nRelevez, la belle, votre blanc jupon,<br>\r\nQu\'on vous voie le cul, qu\'on vous voie le con!<br>\r\n <br>\r\nLa servante qui avait tout vu,<br>\r\nLeur dit: \"Foutez-moi votre pine aux fesses\";<br>\r\nLa servante qui avait tout vu,<br>\r\nLeur dit: \"Foutez-moi votre pine au cul\".<br>\r\nIls l\'ont baisée sur une chaise,<br>\r\nLa chaise a cassé, ils sont tombés sans débander.<br>\r\n <br>\r\nLes orfèvres, non contents de ça<br>\r\nMontèrent sur le toit pour baiser Minette:<br>\r\nLes orfèvres, non contents de ça,<br>\r\nMontèrent sur le toit, pour baiser le chat:<br>\r\n\" Chat, petit chat, chat, tu m\'égratignes,<br>\r\nPetit polisson, tu m\'égratignes les roustons!\" <br>\r\n <br>\r\nLes orfèvres, chez un pâtissier<br>\r\nEntrèrent pour s’offrir quelques friandises;<br>\r\nLes orfèvres, chez un pâtissier,<br>\r\nPar les p\'tits mitrons se firent enculer.<br>\r\nPuis voyant leur vit plein de merde<br>\r\nIls ont bouffé ça en guis\' d\'éclairs au chocolat.<br>\r\n <br>\r\nLes orfèvres, au son du canon,<br>\r\nSe retrouveront tous à la frontière;<br>\r\nLes orfèvres, au son du canon,<br>\r\nEn guis\' de boulets, lanc\'ront des étrons.<br>\r\nPuis bandant tous comme des carmes,<br>\r\nA grands coups de vits repousseront les ennemis.<br>\r\n\r\n\r\n\r\n</p>', NULL, 'Trois Orfèvres', '../resources/audio/trois orfevres.mp3', 1),
(27, NULL, '<p>\r\nChorus :\r\nWe are, we are, we are, we are the engineers<br>\r\nWe can, we can, we can demolish forty beers.<br>\r\nThe medical men of R.S.M. they can not drink with us<br>\r\nBecause we don’t give a fuck<br>\r\nFor anyone else<br>\r\nWho don’t give a fuck for us.<br>\r\nOï!<br>\r\n     <br>\r\nSir Francis Drake and all his crew<br>\r\nSet sail for Galway Bay.<br>\r\nTo meet the Spanish Rum fleet<br>\r\nThat was heading by the way.<br>\r\nThe engineers gave cut them short <br>\r\nBy night and half a day.<br>\r\nAlthough they’re drunk like hooligans<br>\r\nYou still can hear them say<br>\r\n <br>\r\nGodiva was a lady<br>\r\nWho through Coventry did ride.<br>\r\nTo show to all the villagers<br>\r\nHer skin so pure and white.<br>\r\nThe most observant man in town<br>\r\nAn engineer of course<br>\r\nWas the only one to notice that<br>\r\nGodiva road a horse.<br>\r\n <br>\r\nI’ve come a long way she said<br>\r\nA man may go as far<br>\r\nSo get me off this bloody horse<br>\r\nAnd lead me to the bar<br>\r\nThe man that get her off her horse<br>\r\nAnd stood with her two beers<br>\r\nWas a blood-shot-eyed surveyor<br>\r\nAnd a drunken engineer<br>\r\n\r\n</p>', NULL, 'We are the Engineers', '../resources/audio/We are the engineers.m4a', 1),
(28, NULL, '<p>\r\nNoble Belgique! Ô Mère chérie!<br>\r\nA toi nos coeurs, à toi nos bras<br>\r\nA toi notre sang, ô Patrie<br>\r\nNous le jurons, tous, tu vivras<br>\r\nTu vivras, toujours grande et belle<br>\r\nEt ton invincible unité<br>\r\nAura pour devise immortelle<br>\r\nLe Roi, la Loi, la Liberté (Ter)<br>\r\n <br>\r\nAprès des siècles, des siècles d\'esclavage,<br>\r\nLe belge sortant du tombeau<br>\r\nA reconquis par son courage<br>\r\nSon nom ses droits et son drapeau.<br>\r\nEt ta main souveraine et fière,<br>\r\nPeuple désormais indompté,<br>\r\nGrava sur ta vieille banière :<br>\r\n\"Le Roi, la Loi, la Liberté\" (Ter)<br>\r\n <br>\r\nMarche de ton pas énergique,<br>\r\nMarche de progrès en progrès!<br>\r\nDieu qui protège la Belgique<br>\r\nSouris à tes males succès.<br>\r\nTravaillons! Notre labeur donne<br>\r\nA nos champs la fécondité<br>\r\nEt la splendeur des arts couronne<br>\r\nLe Roi, la Loi, la Liberté (Ter)<br>\r\n<br>\r\nÔ Belgique! Ô Mère chérie!<br>\r\nA toi nos coeurs, à toi nos bras.<br>\r\nA toi notre sang, ô Patrie<br>\r\nNous le jurons tous, tu vivras.<br>\r\nTu vivras toujours fière et belle,<br>\r\nPlus grande en ta forte unité<br>\r\nGardant, pour devise éternelle<br>\r\nLe Roi, la Loi, la Liberté (Ter)<br>\r\n<br>\r\n\r\n\r\n </p>\r\n', 'Hymne National Belge', 'Brabançonne', '', 1),
(29, NULL, '<p>\r\nA bas la calotte (bis)}<br>\r\nA bas les calotins     }(bis)<br>\r\nIls en auront des coups de poings sur la gueule<br>\r\nIls en auront autant qu’ils en voudront.<br>\r\nAvec, avec plaisir<br>\r\nEt dans les roses<br>\r\nOu dans les bégonias<br>\r\nC’est la même chose<br>\r\nOui, nous irons chasser, ohé (bis)<br>\r\nOui, nous irons chasser la calotte<br>\r\nLa calotte au poteau !(bis)<br>\r\n\r\n<br>\r\n\r\n\r\n </p>\r\n', NULL, 'A bas la calotte !', '', 1),
(30, NULL, '<p>\r\nEn notre ville est venu (bis)<br>\r\nUn fameux joueur de luth (bis)<br>\r\nPour attirer la pratique<br>\r\nIl a mis sur sa boutique:<br>\r\nC\'est ici qu\' pour un écu<br>\r\nOn apprend à jouer de l\'épinette,<br>\r\nC\'est ici qu\' pour un écu<br>\r\nOn apprend à jouer du ...<br>\r\nRefrain<br>\r\nTroulala troulala,<br>\r\ntroula troula, troulalaire<br>\r\nTroulala, troulala,<br>\r\ntroula, troula troulala<br>\r\nToutes les fill\'s de Paris (bis)<br>\r\nDe Versaill\'s à Saint-Denis (bis)<br>\r\nOnt vendu leur chemisette<br>\r\nLeurs jarr\'tièr\'s, leurs collerettes<br>\r\nAfin d\'avoir un écu<br>\r\nPour apprendre à jouer de l\'épinette <br>\r\n <br>\r\nUn\' jeun\' fill\' se présenta (bis)<br>\r\nQui des leçons demanda (bis)<br>\r\n\"Ah! que tes leçons sont bonnes<br>\r\nIl faudra qu\' tu m\'en redonnes;<br>\r\nTiens voilà mon jeune écu<br>\r\nPour apprendre à jouer de l\'épinette\"<br>\r\nUn\' vieill\' femme aux cheveux gris (bis)<br>\r\nVoulut en tâter aussi (bis)<br>\r\nPar la porte de derrière<br>\r\nFais-moi passer la première<br>\r\nTiens voilà mon vieil écu<br>\r\nPour apprendre à jouer de l\'épinette\"<br>\r\n <br>\r\n\"Vieille femme allez-vous en (bis)<br>\r\nEt reprenez votre argent (bis)<br>\r\nCar ce n\'est plus à votre âge<br>\r\nQu\'on entre en apprentissage<br>\r\nVous avez trop attendu<br>\r\nPour apprendre à jouer de l\'épinette\"<br>\r\nLa vieill\' femme en s\'en allant (bis)<br>\r\nMarmonnait entre ses dents (bis)<br>\r\n\"Ah! vous me la baillez belle<br>\r\nDe me croire encor pucelle<br>\r\nVoilà cinquante ans et plus<br>\r\nQue je sais jouer de l\'épinette\"<br>\r\n <br>\r\nLa morale de ceci (bis)<br>\r\nJe vais vous la dire ici (bis)<br>\r\nC\'est quand on est jeune et belle<br>\r\nQu\'il n\' faut pas rester pucelle<br>\r\nFaut donner son p\'tit écu<br>\r\nPour apprendre à jouer de l\'épinette <br>\r\n\r\n </p>\r\n', NULL, 'L\'épinette', '', 1),
(31, NULL, '<p>\r\nTrois orfèvres, à la Saint Eloi<br>\r\nS\'en allèr\'nt dîner chez un autre orfèvre;<br>\r\nTrois orfèvres, à la Saint Eloi<br>\r\nS\'en allèr\'nt dîner chez un bon bourgeois<br>\r\nIls ont baisé toute la famille:<br>\r\nLa mère aux tétons, le père au cul, la fille au con.<br>\r\nRefrain :<br>\r\nRelevez, la belle, votre blanc jupon,<br>\r\nQu\'on vous voie le cul, qu\'on vous voie les fesses,<br>\r\nRelevez, la belle, votre blanc jupon,<br>\r\nQu\'on vous voie le cul, qu\'on vous voie le con!<br>\r\n <br>\r\nLa servante qui avait tout vu,<br>\r\nLeur dit: \"Foutez-moi votre pine aux fesses\";<br>\r\nLa servante qui avait tout vu,<br>\r\nLeur dit: \"Foutez-moi votre pine au cul\".<br>\r\nIls l\'ont baisée sur une chaise,<br>\r\nLa chaise a cassé, ils sont tombés sans débander.<br>\r\n <br>\r\nLes orfèvres, non contents de ça<br>\r\nMontèrent sur le toit pour baiser Minette:<br>\r\nLes orfèvres, non contents de ça,<br>\r\nMontèrent sur le toit, pour baiser le chat:<br>\r\n\" Chat, petit chat, chat, tu m\'égratignes,<br>\r\nPetit polisson, tu m\'égratignes les roustons!\" <br>\r\n <br>\r\nLes orfèvres, chez un pâtissier<br>\r\nEntrèrent pour s’offrir quelques friandises;<br>\r\nLes orfèvres, chez un pâtissier,<br>\r\nPar les p\'tits mitrons se firent enculer.<br>\r\nPuis voyant leur vit plein de merde<br>\r\nIls ont bouffé ça en guis\' d\'éclairs au chocolat.<br>\r\n <br>\r\nLes orfèvres, au son du canon,<br>\r\nSe retrouveront tous à la frontière;<br>\r\nLes orfèvres, au son du canon,<br>\r\nEn guis\' de boulets, lanc\'ront des étrons.<br>\r\nPuis bandant tous comme des carmes,<br>\r\nA grands coups de vits repousseront les ennemis.<br>\r\n\r\n\r\n </p>\r\n', NULL, 'Trois Orfèvres', '', 1),
(32, NULL, '<p>\r\nAu trente-et-un du mois d\'août (bis)<br>\r\nNous vîm\'s venir sous l\' vent à nous (bis)<br>\r\nUne frégate d\'Angleterre<br>\r\nQui fendait la mer-z-et les flots:<br>\r\nC\'était pour aller à Bordeaux.<br>\r\n <br>\r\nRefrain :<br>\r\nBuvons un coup, buvons en deux, <br>\r\nA la santé des amoureux<br>\r\nA la santé du Roi de France,<br>\r\nEt merd\' pour le Roi d\'Angleterre<br>\r\nQui nous a déclaré la guerre!<br>\r\n<br>\r\nLe Capitain\' du bâtiment (bis)<br>\r\nFit appeler son lieutenant, (bis)<br>\r\n\" Lieutenant, te sens-tu capable:<br>\r\nDis-moi, te sens-tu z\'assez fort<br>\r\nPour prendre l\'Anglais à son bord ? <br>\r\n <br>\r\nLe Lieutenant, fier-z-et hardi (bis)<br>\r\nLui répondit: \" Capitain\'-z-oui! (bis)<br>\r\nFait\'s branle-bas à l\'équipage<br>\r\nJe vas hisser le pavillon<br>\r\nQui rest\'ra haut nous le jurons! \"<br>\r\nLe maître donne un coup d\' sifflet (bis)<br>\r\nEn haut larguez les perroquets (bis)<br>\r\nLarguer les ris et vent arrière<br>\r\nLaisse porter jusqu\'à son bord<br>\r\nOn verra bien qui s\'ra le plus fort!<br>\r\n <br>\r\nVir\' lof pour lof au même instant (bis)<br>\r\nNous l\'attaquâm\'s par son avant (bis)<br>\r\nA coups de haches d\'abordage,<br>\r\nDe sabres, piqu\'s et mousquetons,<br>\r\nNous l\'eûm\'s vit\' mis à la raison.<br>\r\n <br>\r\nQue dira-t-on dudit bateau (bis)<br>\r\nEn Angleterr\'-z-et à Bordeaux (bis)<br>\r\nQu\'a laissé prendr\' son équipage<br>\r\nPar un corsair\' de six canons,<br>\r\nLui qu\'en avait trente et si bons?<br>\r\n\r\n </p>\r\n', NULL, 'Au 31 du mois d\'Aout', '', 1),
(33, NULL, '<p>\r\n\r\nWe’re the perverts of society <br>\r\nWe’re the worst you’ve ever seen <br>\r\nWe’re a bunch of loud mouthed bastards <br>\r\nWe’re the Mining Engineers <br>\r\n <br>\r\nOn the border of Antarctica <br>\r\nWhere the yanks have never been <br>\r\nLies the body of the Polar bear <br>\r\nFucked to death by an Engineer <br>\r\n <br>\r\nWe don’t climb upon a mountain <br>\r\nCause the slope is too fucking steep <br>\r\nWe don’t go into the valley <br>\r\nCause the valley is too fucking deep <br>\r\n <br>\r\nTwo additional verses from Norway:<br>\r\n <br>\r\nWhere the whales are floating in the seas, <br>\r\nwith their asses full of sperm. <br>\r\nYou\'ll find happy Trondheim miners, <br>\r\njust waiting for their turn. <br>\r\n <br>\r\nIf you\'re wondering why Santa-Claus, <br>\r\nis walking the way he does, <br>\r\nyou should come to Trondheim City, <br>\r\nand spend the night with us!<br>\r\n</p>', NULL, 'Pervert Of Society', '', 1),
(34, NULL, '<p>\r\nWalking down Canalstreet,<br>\r\nKnocking every door<br>\r\nGod damn son of a bitch<br>\r\nI couldn’t find a whore.<br>\r\n <br>\r\nI finally find a whore<br>\r\nShe was rather thin<br>\r\nGod damn son of a bitch<br>\r\nI couldn’t get it in<br>\r\n <br>\r\nI finally got it in<br>\r\nWorked my way about<br>\r\nGod damn son of a bitch<br>\r\nI couldn’t get it out<br>\r\n <br>\r\nI finally got it out<br>\r\nI was rather sore<br>\r\nThe moral of the story is<br>\r\nNever fuck a whore<br>\r\nFuck a whore! Never fuck a Russian whore!<br>\r\n\r\n</p>', NULL, 'Walking Down Canalstreet', '', 1),
(35, NULL, '<p>\r\n\r\nI’ve been a wild rover for many a year,<br>\r\nAnd I’ve spent all my money on whiskey and beer,<br>\r\nBut now I’m returning with gold and great store,<br>\r\nAnd I never will play the wild rover no more.<br>\r\n <br>\r\nChorus :<br>\r\n	And it’s no nay never,<br>\r\nNo, nay never no more,<br>\r\nWill I play the wild rover,<br>\r\nNo never no more<br>\r\n <br>\r\nI went to an alehouse I used to frequent,<br>\r\nAnd I told the landlady my money was spent,<br>\r\nI asked her for credit, she answered me nay,<br>\r\nSaying customs like you I can get any day.<br>\r\n <br>\r\nI took from my pocket ten sovereigns bright<br>\r\nAnd the landlady’s eyes opened wide with delight<br>\r\nShe said I’ve whiskey and wine of the best<br>\r\nAnd the words that I spoke, they were only in gest.<br>\r\n <br>\r\nI went to a shithouse I used to frequent<br>\r\nAnd told the attendant my money was spent<br>\r\nI asked him politely to open the door<br>\r\nHe said not bloody likely, you’ll shit on the floor.<br>\r\n <br>\r\nI went home to my parents, confessed what I’d done<br>\r\nAnd asked them pardon their prodigal son,<br>\r\nAnd as they caressed me as oft’as before,<br>\r\nI never will play the wild rover no more<br>\r\n <br>\r\nI’ve been a wild rover for most of my life,<br>\r\nNow I’ll settle down and I’ll take me a wife,<br>\r\nI’ll build a log cabin, keep the wolf from the door,<br>\r\nAnd I never will play the wild rover no more<br>\r\n <br>\r\nI’ve been a vile pervert for many a year,<br>\r\nAnd I spent all my money on black leather gear,<br>\r\nBut now I’m returning with porn in great store,<br>\r\nSo I never shall play the vile pervert no more.<br>\r\n\r\n</p>', NULL, 'Wild Rover', '', 1),
(36, NULL, '<p>\r\nBites’n couilles ‘n crayes<br>\r\nEyet’s boudenn’su l’mien <br>\r\nAvou m’biroute din’s craye<br>\r\nC’est in aéroplane<br>\r\nR’met l’met è r’met l’mel, dist’el,<br>\r\nEr’met l’met din ‘m cul,<br>\r\nDji n’ai co ré sinti<br>\r\n\r\n</p>', NULL, 'Bite\'N\'Couilles', '', 1),
(37, NULL, '<p>\r\nMon frère était vétérinaire,<br>\r\nIl soufflait dans l\' trou d\' ball\' des chevaux,<br>\r\nAvec un petit tube en verre,<br>\r\nAfin de les rendre plus gros. (les chevaux !)<br>\r\n<br>\r\nMais un jour ce fut le contraire,<br>\r\nc’est le cheval qui pèta<br>\r\nEt sur sa tombe au cimetière<br>\r\nOn pouvait lire ces quelques mots:<br>\r\nMon frère...<br>\r\n<br>\r\n\r\n</p>', NULL, 'Mon père était vétérinaire', '', 1),
(38, NULL, '<p>\r\nBelle muse, raconte-moi l’histoire,<br>\r\nBelle muse, de ce prince Troyen,<br>\r\nQui aux charmes d’Hélène succomba, <br>\r\nPar amour, il condamna les siens, (x2) <br>\r\n<br>\r\nRaconte-moi les périples d’Ulysse, <br>\r\nParle-moi d’Hercule et ses travaux, <br>\r\nDe Pandore, d’Atlas ou de Thésée, <br>\r\nApprends-moi les exploits des Héros, (x2)<br>\r\n<br>\r\nElle me conduit jusqu’au Mont Parnasse, <br>\r\nAu sommet, nous attend Apollon, <br>\r\nLyre en main, il entame un air divin, <br>\r\nTout le jour, passera en chanson (x2)<br>\r\n<br>\r\nEt soudain apparaît Dionysos, <br>\r\nIl craint pour nos gosiers desséchés, <br>\r\nEt le vin se mit à couler à flot, <br>\r\nNotre ardeur s’en trouve ravivée, (x2)<br>\r\n\r\n<br>\r\nLa fin d’nuit se transforme en orgie, <br>\r\nEnchaînant sur un rythme infernal, <br>\r\nFellation, fist et pénétration, <br>\r\nOh mes dieux, que j’aime les bacchanales, (x2)<br>\r\n<br>\r\nNous festoyons jusqu’au petit matin, <br>\r\nEuphorique, je reprends mon chemin, <br>\r\nMa route mène à l’oracle de Delphes, <br>\r\nQue me dira-t-elle du destin ? (x2)<br>\r\n<br>\r\nAu milieu de vapeurs enivrantes, <br>\r\nLa pythie en avait bien trop pris, <br>\r\n« Mortels, guindaillez, buvez et chantez, <br>\r\nJeunes gens, profitez de la vie », (x2)<br>\r\n<br>\r\nCar Hadès trop tôt vous réclamera, <br>\r\nSur le Styx, Charon vous conduira, <br>\r\nAux enfers prisonniers du silence, <br>\r\nAucun vin ne vous délivrera, (x2)<br>\r\n<br>\r\nDes anciens observons la sagesse, <br>\r\nLa Pythie disait la vérité, <br>\r\n« Amis, guindaillons, buvons et chantons, <br>\r\nEtudiants, c’est notre liberté ». (x2)<br>\r\n\r\n\r\n</p>', NULL, 'La Complainte du Lézard', '', 1);
INSERT INTO `chant` (`id_chant`, `air_chant`, `parole_chant`, `description_chant`, `nom_chant`, `path_chant`, `id_utilisateur`) VALUES
(39, 'Diggy Hole', '\r\n<p>\r\nJe vais virer tous ces noirs et ces mexicains<br>\r\nTous hors de mon territoire à partir de demain<br>\r\nCes putains de féministes, virés à grands coups de fists<br>\r\nEt Ces connards de PD, je vais tous les enculer.<br>\r\n <br>\r\nRefrain:<br>\r\n <br>\r\nJ’nique les ethnies car je suis Donald Trump <br>\r\nDonald, Donald Trump  (bis)<br>\r\nJ’nique les ethnies car je suis Donald Trump<br> \r\nDonald, Donald Trump <br>\r\nJ’suis Donald Trump<br>\r\n <br>\r\nQuand Hillary s’fait troncher par ce bon vieux Bill<br>\r\nQui l’a moultes fois trompée, secrétaire dans le mille<br>\r\nJ’continue à prendre des points, vive les Républicains<br>\r\nTu penses que j’ne passerai pas mais tu verras Obama,<br>\r\n <br>\r\nMoi président, j’te remettrai à ta place,<br>\r\nChez les Kenyans, là où sont ceux de ta race,<br>\r\nLes Démocrates, je les éclate,<br>\r\nLa maison blanche j’pourrais l’acheter<br>\r\nMême pas besoin d’la gagner <br>\r\n <br>\r\nJ’prendrai l’pouvoir car je suis Donald Trump <br>\r\nDonald, Donald Trump  (bis)<br>\r\nJ’prendrai le pouvoir car je suis Donald Trump <br>\r\nDonald, Donald Trump <br>\r\nJ’suis Donald Trump<br>\r\n \r\n<br>\r\n\r\nJe vais construire un grand mur autour de chez moi,<br>\r\nJe n’veux pas de ces ordures qui crient Allahu Akbar,<br>\r\nPoutine mon grand ami, lui il avait tout compris,<br>\r\nEn Europe ils sont trop cons, il les acceptent par millions,<br>\r\n <br>\r\nLes Britanniques voudront tous se joindre à moi ,<br>\r\nEt le Brexit fût un de leurs meilleurs choix,<br>\r\nMarine Le Pen, qu’elle se déchaîne,<br>\r\nQue la jungle de Calais se vide,<br>\r\nUn bon petit génocide.<br>\r\n <br>\r\nJ’encule l’Europe car je suis Donald Trump <br>\r\nDonald, Donald Trump  (bis)<br>\r\nJ’encule l’Europe car je suis Donald Trump <br>\r\nDonald, Donald Trump <br>\r\nJ’suis Donald Trump<br>\r\n\r\n</p>', NULL, 'Donald Trump', '', 1),
(40, NULL, '<p>\r\nAu bal de l\'Hôtel-Dieu, nom de Dieu! }<br>\r\nY avait une servante		   } (bis)<br>\r\nElle avait tant d’amants, nom de Dieu !<br>\r\nQu’ell’ ne savait quel prendre.<br>\r\nAh, nom de Dieu ! Nom de Dieu, nom de Dieu ! <br>\r\nCré nom de Dieu, nom de Dieu, nom de Dieu !<br>\r\n <br>\r\nRefrain :<br>\r\n	Ah nom de Dieu, nom de Dieu, nom de Dieu <br>\r\n	Ah nom de Dieu, quelle allure.<br>\r\n	Ah nom de Dieu, nom de Dieu, nom de Dieu <br>\r\n	Ah quelle allure nom de Dieu. <br>\r\n <br>\r\nElle avait tant d\'amants, nom de Dieu!<br>\r\nQu\'ell\' ne savait quel prendre ...<br>\r\n<br>\r\nUn jour l\'intern\' de gard\', nom de Dieu!<br>\r\nEn mariag\' la demande ...<br>\r\n<br>\r\nLe pèr\' ne dit pas non, nom de Dieu!<br>\r\nLa mère est consentante, ...<br>\r\n <br>\r\nMalgré tous les envieux, nom de Dieu!<br>\r\nIls coucheront ensemble ...<br>\r\nDans un grand lit carré, nom de Dieu!<br>\r\nTout garni de guirlandes ...<br>\r\n <br>\r\n\r\n\r\n\r\n\r\nAux quatre coins du lit, nom de Dieu!<br>\r\nQuatr\' carabins qui bandent, ...<br>\r\n<br>\r\nLa belle est au milieu, nom de Dieu!<br>\r\nElle écarte les jambes ...<br>\r\n<br>\r\nLes règl\'s lui sort\'nt du con, nom de Dieu!<br>\r\nEncor\' toutes fumantes ...<br>\r\n <br>\r\nVous tous qui m\'écoutez, nom de Dieu!<br>\r\nY passeriez la langue ...<br>\r\n\r\n\r\n</p>', NULL, 'L\'Hôtel-Dieu', '', 1);

-- --------------------------------------------------------

--
-- Structure de la table `comite`
--

CREATE TABLE `comite` (
  `id_comite` int(11) NOT NULL,
  `promotion_comite` int(11) DEFAULT NULL,
  `theme_comite` varchar(25) DEFAULT NULL,
  `nom_cercle` varchar(32) NOT NULL
) ENGINE=InnoDB DEFAULT CHARSET=latin1;

--
-- Déchargement des données de la table `comite`
--

INSERT INTO `comite` (`id_comite`, `promotion_comite`, `theme_comite`, `nom_cercle`) VALUES
(1, 177, 'borainetobewild', 'Boraine'),
(2, 178, 'GuantanaMons', 'Boraine'),
(3, 177, 'pedale', 'Centrale'),
(4, 177, 'FrontAvengers', 'Frontalière');

-- --------------------------------------------------------

--
-- Structure de la table `commande`
--

CREATE TABLE `commande` (
  `id_commande` int(11) NOT NULL,
  `date_commande` date DEFAULT NULL,
  `id_utilisateur` int(11) NOT NULL
) ENGINE=InnoDB DEFAULT CHARSET=latin1;

-- --------------------------------------------------------

--
-- Structure de la table `commentaireanecdote`
--

CREATE TABLE `commentaireanecdote` (
  `texte_commentaireAnecdote` text,
  `date_commentaireAnecdote` date DEFAULT NULL,
  `id_commentaireAnecdote` int(11) NOT NULL,
  `id_utilisateur` int(11) NOT NULL,
  `id_anecdote` int(11) NOT NULL
) ENGINE=InnoDB DEFAULT CHARSET=latin1;

--
-- Déchargement des données de la table `commentaireanecdote`
--

INSERT INTO `commentaireanecdote` (`texte_commentaireAnecdote`, `date_commentaireAnecdote`, `id_commentaireAnecdote`, `id_utilisateur`, `id_anecdote`) VALUES
('1er commentaire sur test modif', '2017-12-28', 1, 1, 3),
('dnaufinasfojd', '2017-12-28', 2, 2, 4),
('hwvfhwvdfihbiwdfbiaswbifawefwf', '2017-12-28', 3, 2, 4),
('cdshbfchasbdvhkbaskvasvd', '2017-12-28', 4, 2, 4),
('bdhabfhdwef', '2017-12-30', 5, 2, 4);

-- --------------------------------------------------------

--
-- Structure de la table `commission`
--

CREATE TABLE `commission` (
  `nom_commission` varchar(25) NOT NULL,
  `promotion_commission` int(11) NOT NULL,
  `email_commission` varchar(25) DEFAULT NULL,
  `description_comission` text
) ENGINE=InnoDB DEFAULT CHARSET=latin1;

-- --------------------------------------------------------

--
-- Structure de la table `composition_commission`
--

CREATE TABLE `composition_commission` (
  `nom_commission` varchar(25) NOT NULL,
  `id_utilisateur` int(11) NOT NULL
) ENGINE=InnoDB DEFAULT CHARSET=latin1;

-- --------------------------------------------------------

--
-- Structure de la table `election`
--

CREATE TABLE `election` (
  `id_election` int(11) NOT NULL,
  `nom_poste` varchar(32) NOT NULL,
  `responsabilite_election` int(8) NOT NULL,
  `id_comite` int(11) NOT NULL,
  `id_utilisateur` int(11) NOT NULL
) ENGINE=MyISAM DEFAULT CHARSET=latin1;

--
-- Déchargement des données de la table `election`
--

INSERT INTO `election` (`id_election`, `nom_poste`, `responsabilite_election`, `id_comite`, `id_utilisateur`) VALUES
(1, 'président', 5, 2, 1),
(2, 'vice-président', 4, 2, 2),
(3, 'trésorier', 3, 2, 3),
(4, 'président', 5, 3, 6),
(5, 'président', 5, 1, 4);

-- --------------------------------------------------------

--
-- Structure de la table `evenement`
--

CREATE TABLE `evenement` (
  `id_evenement` int(11) NOT NULL,
  `nom_evenement` varchar(25) DEFAULT NULL,
  `ouverture_evenement` tinyint(1) DEFAULT NULL,
  `description_evenement` varchar(25) DEFAULT NULL,
  `date_evenement` datetime DEFAULT NULL
) ENGINE=InnoDB DEFAULT CHARSET=latin1;

-- --------------------------------------------------------

--
-- Structure de la table `organise`
--

CREATE TABLE `organise` (
  `id_comite` int(11) NOT NULL,
  `id_evenement` int(11) NOT NULL
) ENGINE=InnoDB DEFAULT CHARSET=latin1;

-- --------------------------------------------------------

--
-- Structure de la table `produit`
--

CREATE TABLE `produit` (
  `id_produit` int(11) NOT NULL,
  `nom_produit` varchar(25) DEFAULT NULL,
  `disponibilite_produit` tinyint(1) DEFAULT NULL,
  `prix_produit` float DEFAULT NULL,
  `id_cercle` int(11) DEFAULT NULL
) ENGINE=InnoDB DEFAULT CHARSET=latin1;

-- --------------------------------------------------------

--
-- Structure de la table `reprend`
--

CREATE TABLE `reprend` (
  `id_produit` int(11) NOT NULL,
  `id_commande` int(11) NOT NULL
) ENGINE=InnoDB DEFAULT CHARSET=latin1;

-- --------------------------------------------------------

--
-- Structure de la table `site`
--

CREATE TABLE `site` (
  `url_site` varchar(50) NOT NULL,
  `nom_site` varchar(25) DEFAULT NULL,
  `description_site` varchar(75) DEFAULT NULL,
  `id_utilisateur` int(11) NOT NULL
) ENGINE=InnoDB DEFAULT CHARSET=latin1;

--
-- Déchargement des données de la table `site`
--

INSERT INTO `site` (`url_site`, `nom_site`, `description_site`, `id_utilisateur`) VALUES
('erfghj', 'wdefrgt', 'sdfgh5tr', 1),
('https://easytips.be/', 'EasyTips', 'Plateforme de partage de tuyaux, par les étudiants, pour les étudiants!', 1),
('https://moodle.umons.ac.be/', 'moodle', 'plateforme en ligne de l\'UMONS', 1),
('https://www.facebook.com/', 'Facebook', 'Reseau social', 1);

-- --------------------------------------------------------

--
-- Structure de la table `utilisateur`
--

CREATE TABLE `utilisateur` (
  `id_utilisateur` int(11) NOT NULL,
  `pseudo_utilisateur` varchar(30) DEFAULT NULL,
  `password_utilisateur` varchar(200) NOT NULL,
  `nom_utilisateur` varchar(25) NOT NULL,
  `prenom_utilisateur` varchar(25) DEFAULT NULL,
  `email_utilisateur` varchar(45) DEFAULT NULL,
  `date_naissance_utilisateur` date DEFAULT NULL,
  `promotion_utilisateur` int(11) DEFAULT NULL,
  `premium_utilisateur` tinyint(1) DEFAULT NULL,
  `spam_utilisateur` tinyint(1) DEFAULT NULL
) ENGINE=InnoDB DEFAULT CHARSET=latin1;

--
-- Déchargement des données de la table `utilisateur`
--

INSERT INTO `utilisateur` (`id_utilisateur`, `pseudo_utilisateur`, `password_utilisateur`, `nom_utilisateur`, `prenom_utilisateur`, `email_utilisateur`, `date_naissance_utilisateur`, `promotion_utilisateur`, `premium_utilisateur`, `spam_utilisateur`) VALUES
(1, 'utilisateur1', '189f7274ca371e5cc6b7ca7d87c6272a5d4330f7', 'utilisateur1', 'utilisateur1', 'utilisateur1@g.com', '1995-01-01', NULL, NULL, 1),
(2, 'utilisateur2', 'a72a08d6932773fd96b8c45b70da0f92f5cd4cd9', 'utilisateur2', 'utilisateur2', 'utilisateur2@g.c', '1111-11-11', NULL, NULL, 1),
(3, 'utilisateur3', '90e608174d0dd6e273a40ee7386ff5e3dd1bd570', 'utilisateur3', 'utilisateur3', 'utilisateur3@g.c', '1111-11-11', NULL, NULL, 1),
(4, 'utilisateur4', '80bc8ead70c37d25cfe639e8b1e7d575a168c7c9', 'utilisateur4', 'utilisateur4', 'utilisateur4@qw.com', '1111-11-11', NULL, NULL, 1),
(5, 'utilisateur5', 'a94471fbfcf551b22a407aeab43a85f7b189d123', 'utilisateur5', 'utilisateur5', 'utilisateur5@g.c', '1111-11-11', NULL, NULL, 1),
(6, 'utilisateur6', 'c8db25eb514791038766f1d58397ae54b0865c8d', 'utilisateur6', 'utilisateur6', 'utilisateur6@g.c', '1111-11-11', NULL, NULL, 1),
(8, 'utilisateur7', 'eda7f135b87534f03cb7e06b25a9445bbb002add', 'utilisateur7', 'utilisateur7', 'utilisateur7@g.c', '1111-11-11', NULL, NULL, 1),
(9, 'jeremyy55', '794d575243e8bc358b18807072f05706c05c66f2', 'Dumont', 'jérémy', 'jeremy-y@live.be', '1996-11-07', 176, NULL, NULL);

--
-- Index pour les tables déchargées
--

--
-- Index pour la table `anecdote`
--
ALTER TABLE `anecdote`
  ADD PRIMARY KEY (`id_anecdote`);

--
-- Index pour la table `cercle`
--
ALTER TABLE `cercle`
  ADD PRIMARY KEY (`id_cercle`);

--
-- Index pour la table `chant`
--
ALTER TABLE `chant`
  ADD PRIMARY KEY (`id_chant`);

--
-- Index pour la table `comite`
--
ALTER TABLE `comite`
  ADD PRIMARY KEY (`id_comite`);

--
-- Index pour la table `commande`
--
ALTER TABLE `commande`
  ADD PRIMARY KEY (`id_commande`);

--
-- Index pour la table `commentaireanecdote`
--
ALTER TABLE `commentaireanecdote`
  ADD PRIMARY KEY (`id_commentaireAnecdote`);

--
-- Index pour la table `commission`
--
ALTER TABLE `commission`
  ADD PRIMARY KEY (`nom_commission`,`promotion_commission`);

--
-- Index pour la table `composition_commission`
--
ALTER TABLE `composition_commission`
  ADD PRIMARY KEY (`nom_commission`,`id_utilisateur`);

--
-- Index pour la table `election`
--
ALTER TABLE `election`
  ADD PRIMARY KEY (`id_election`);

--
-- Index pour la table `evenement`
--
ALTER TABLE `evenement`
  ADD PRIMARY KEY (`id_evenement`);

--
-- Index pour la table `organise`
--
ALTER TABLE `organise`
  ADD PRIMARY KEY (`id_comite`,`id_evenement`);

--
-- Index pour la table `produit`
--
ALTER TABLE `produit`
  ADD PRIMARY KEY (`id_produit`);

--
-- Index pour la table `reprend`
--
ALTER TABLE `reprend`
  ADD PRIMARY KEY (`id_produit`,`id_commande`);

--
-- Index pour la table `site`
--
ALTER TABLE `site`
  ADD PRIMARY KEY (`url_site`);

--
-- Index pour la table `utilisateur`
--
ALTER TABLE `utilisateur`
  ADD PRIMARY KEY (`id_utilisateur`);

--
-- AUTO_INCREMENT pour les tables déchargées
--

--
-- AUTO_INCREMENT pour la table `anecdote`
--
ALTER TABLE `anecdote`
  MODIFY `id_anecdote` int(11) NOT NULL AUTO_INCREMENT, AUTO_INCREMENT=7;

--
-- AUTO_INCREMENT pour la table `cercle`
--
ALTER TABLE `cercle`
  MODIFY `id_cercle` int(11) NOT NULL AUTO_INCREMENT, AUTO_INCREMENT=19;

--
-- AUTO_INCREMENT pour la table `chant`
--
ALTER TABLE `chant`
  MODIFY `id_chant` int(11) NOT NULL AUTO_INCREMENT, AUTO_INCREMENT=41;

--
-- AUTO_INCREMENT pour la table `comite`
--
ALTER TABLE `comite`
  MODIFY `id_comite` int(11) NOT NULL AUTO_INCREMENT, AUTO_INCREMENT=5;

--
-- AUTO_INCREMENT pour la table `commande`
--
ALTER TABLE `commande`
  MODIFY `id_commande` int(11) NOT NULL AUTO_INCREMENT;

--
-- AUTO_INCREMENT pour la table `commentaireanecdote`
--
ALTER TABLE `commentaireanecdote`
  MODIFY `id_commentaireAnecdote` int(11) NOT NULL AUTO_INCREMENT, AUTO_INCREMENT=6;

--
-- AUTO_INCREMENT pour la table `election`
--
ALTER TABLE `election`
  MODIFY `id_election` int(11) NOT NULL AUTO_INCREMENT, AUTO_INCREMENT=6;

--
-- AUTO_INCREMENT pour la table `evenement`
--
ALTER TABLE `evenement`
  MODIFY `id_evenement` int(11) NOT NULL AUTO_INCREMENT;

--
-- AUTO_INCREMENT pour la table `produit`
--
ALTER TABLE `produit`
  MODIFY `id_produit` int(11) NOT NULL AUTO_INCREMENT;

--
-- AUTO_INCREMENT pour la table `utilisateur`
--
ALTER TABLE `utilisateur`
  MODIFY `id_utilisateur` int(11) NOT NULL AUTO_INCREMENT, AUTO_INCREMENT=10;
COMMIT;

/*!40101 SET CHARACTER_SET_CLIENT=@OLD_CHARACTER_SET_CLIENT */;
/*!40101 SET CHARACTER_SET_RESULTS=@OLD_CHARACTER_SET_RESULTS */;
/*!40101 SET COLLATION_CONNECTION=@OLD_COLLATION_CONNECTION */;
